ApplicantIncome,CoapplicantIncome,LoanAmount,Loan_Amount_Term,Credit_History,Loan_Status,ApplicantIncome_transformed,CoapplicantIncome_transformed,Loan_Amount_transformed,Loan_Amount_Term_Transformed,Gender_Female,Gender_Male,Married_No,Married_Yes,Dependents_0,Dependents_1,Dependents_2,Dependents_3+,Education_Graduate,Education_Not Graduate,Self_Employed_No,Self_Employed_Yes,Property_Area_Rural,Property_Area_Semiurban,Property_Area_Urban
5849,0.0,146.41216216216216,360.0,1.0,Y,8.674196940225903,0.0,5.27058778761184,46656000.0,0,1,1,0,1,0,0,0,1,0,1,0,0,0,1
4583,1508.0,128.0,360.0,1.0,N,8.430327258394575,38.8329756778952,5.039684199579492,46656000.0,0,1,0,1,0,1,0,0,1,0,1,0,1,0,0
3000,0.0,66.0,360.0,1.0,Y,8.006700845440367,0.0,4.04124002062219,46656000.0,0,1,0,1,1,0,0,0,1,0,0,1,0,0,1
2583,2358.0,120.0,360.0,1.0,Y,7.857093864902493,48.55924216871593,4.932424148660941,46656000.0,0,1,0,1,1,0,0,0,0,1,1,0,0,0,1
6000,0.0,141.0,360.0,1.0,Y,8.699681400989514,0.0,5.204827863394201,46656000.0,0,1,1,0,1,0,0,0,1,0,1,0,0,0,1
5417,4196.0,267.0,360.0,1.0,Y,8.59748202264504,64.77653896280658,6.439276695638908,46656000.0,0,1,0,1,0,0,1,0,1,0,0,1,0,0,1
2333,1516.0,95.0,360.0,1.0,Y,7.755338812846501,38.93584466786357,4.562902635386967,46656000.0,0,1,0,1,1,0,0,0,0,1,1,0,0,0,1
3036,2504.0,158.0,360.0,0.0,N,8.01862546504575,50.039984012787215,5.406120175750225,46656000.0,0,1,0,1,0,0,0,1,1,0,1,0,0,1,0
4006,1526.0,168.0,360.0,1.0,Y,8.295798110636145,39.06404996924922,5.5178483527622415,46656000.0,0,1,0,1,0,0,1,0,1,0,1,0,0,0,1
12841,10968.0,349.0,360.0,1.0,N,9.460476328353995,104.72821969268837,7.040580616713472,46656000.0,0,1,0,1,0,1,0,0,1,0,1,0,0,1,0
3200,700.0,70.0,360.0,1.0,Y,8.071218539969863,26.457513110645905,4.121285299808557,46656000.0,0,1,0,1,0,0,1,0,1,0,1,0,0,0,1
2500,1840.0,109.0,360.0,1.0,Y,7.824445930877619,42.89522117905443,4.776856181035017,46656000.0,0,1,0,1,0,0,1,0,1,0,1,0,0,0,1
3073,8106.0,200.0,360.0,1.0,Y,8.03073492409854,90.033327162779,5.848035476425732,46656000.0,0,1,0,1,0,0,1,0,1,0,1,0,0,0,1
1853,2840.0,114.0,360.0,1.0,N,7.5251007461258,53.291650377896914,4.848807585839879,46656000.0,0,1,1,0,1,0,0,0,1,0,1,0,1,0,0
1299,1086.0,17.0,120.0,1.0,Y,7.170119543449628,32.95451410656816,2.571281590658235,1728000.0,0,1,0,1,0,0,1,0,1,0,1,0,0,0,1
4950,0.0,125.0,360.0,1.0,Y,8.507344855361422,0.0,5.0,46656000.0,0,1,1,0,1,0,0,0,1,0,1,0,0,0,1
3596,0.0,100.0,240.0,1.0,Y,8.187855443695623,0.0,4.641588833612779,13824000.0,0,1,1,0,0,1,0,0,0,1,1,0,0,0,1
3510,0.0,76.0,360.0,0.0,N,8.163656176168432,0.0,4.235823584254893,46656000.0,1,0,1,0,1,0,0,0,1,0,1,0,0,0,1
4887,0.0,133.0,360.0,1.0,N,8.494538500851432,0.0,5.104468722001463,46656000.0,0,1,0,1,1,0,0,0,0,1,1,0,1,0,0
2600,3500.0,115.0,360.0,1.0,Y,7.8636512654486515,59.16079783099616,4.86294413109428,46656000.0,0,1,0,1,1,0,0,0,1,0,1,0,0,0,1
7660,0.0,104.0,360.0,0.0,N,8.94389780251682,0.0,4.7026693754415145,46656000.0,0,1,0,1,1,0,0,0,0,1,1,0,0,0,1
5955,5625.0,315.0,360.0,1.0,Y,8.6921543938039,75.0,6.804092115953368,46656000.0,0,1,0,1,0,1,0,0,1,0,1,0,0,0,1
2600,1911.0,116.0,360.0,0.0,N,7.8636512654486515,43.71498598878879,4.876998961073314,46656000.0,0,1,0,1,1,0,0,0,0,1,1,0,0,1,0
3365,1917.0,112.0,360.0,0.0,N,8.121480374750751,43.78355855797927,4.820284528350459,46656000.0,0,1,0,1,0,0,1,0,0,1,1,0,1,0,0
3717,2925.0,151.0,360.0,1.0,N,8.220941168281389,54.08326913195984,5.325074021614987,46656000.0,0,1,0,1,0,1,0,0,1,0,1,0,0,1,0
9560,0.0,191.0,360.0,1.0,Y,9.165447603085447,0.0,5.758965220492401,46656000.0,0,1,0,1,1,0,0,0,1,0,0,1,0,1,0
2799,2253.0,122.0,360.0,1.0,Y,7.937374696163295,47.46577714522327,4.959675663842301,46656000.0,0,1,0,1,1,0,0,0,1,0,1,0,0,1,0
4226,1040.0,110.0,360.0,1.0,Y,8.34924780056679,32.2490309931942,4.791419857062785,46656000.0,0,1,0,1,0,0,1,0,0,1,1,0,0,0,1
1442,0.0,35.0,360.0,1.0,N,7.274479558773871,0.0,3.2710663101885897,46656000.0,0,1,1,0,1,0,0,0,0,1,1,0,0,0,1
3750,2083.0,120.0,360.0,1.0,Y,8.229777750081887,45.639894828976104,4.932424148660941,46656000.0,1,0,1,0,0,0,1,0,1,0,1,0,0,1,0
4166,3369.0,201.0,360.0,1.0,N,8.334951631422454,58.0430874437258,5.857766002650653,46656000.0,0,1,0,1,0,1,0,0,1,0,1,0,0,0,1
3167,0.0,74.0,360.0,1.0,N,8.060855752934316,0.0,4.198336453808407,46656000.0,0,1,1,0,1,0,0,0,1,0,1,0,0,0,1
4692,0.0,106.0,360.0,1.0,N,8.453827315794417,0.0,4.732623491163368,46656000.0,0,1,1,0,0,1,0,0,1,0,0,1,1,0,0
3500,1667.0,114.0,360.0,1.0,Y,8.160803920954665,40.82891132518721,4.848807585839879,46656000.0,0,1,0,1,1,0,0,0,1,0,1,0,0,1,0
12500,3000.0,320.0,360.0,1.0,N,9.433563920090563,54.772255750516614,6.839903786706788,46656000.0,0,1,1,0,0,0,0,1,1,0,1,0,1,0,0
2275,2067.0,146.41216216216216,360.0,1.0,Y,7.730174795246222,45.46427168667722,5.27058778761184,46656000.0,0,1,0,1,1,0,0,0,1,0,1,0,0,0,1
1828,1330.0,100.0,360.0,0.0,N,7.511524648390866,36.46916505762094,4.641588833612779,46656000.0,0,1,0,1,1,0,0,0,1,0,1,0,0,0,1
3667,1459.0,144.0,360.0,1.0,Y,8.207401833376355,38.19685850956856,5.241482788417793,46656000.0,1,0,0,1,1,0,0,0,1,0,1,0,0,1,0
4166,7210.0,184.0,360.0,1.0,Y,8.334951631422454,84.91171886141512,5.687733959703131,46656000.0,0,1,1,0,1,0,0,0,1,0,1,0,0,0,1
3748,1668.0,110.0,360.0,1.0,Y,8.229244416735913,40.84115571332428,4.791419857062785,46656000.0,0,1,1,0,1,0,0,0,0,1,1,0,0,1,0
3600,0.0,80.0,360.0,1.0,N,8.188966863648876,0.0,4.308869380063768,46656000.0,0,1,1,0,1,0,0,0,1,0,1,0,0,0,1
1800,1213.0,47.0,360.0,1.0,Y,7.496097345175956,34.828149534535996,3.608826080138695,46656000.0,0,1,1,0,1,0,0,0,1,0,1,0,0,0,1
2400,0.0,75.0,360.0,1.0,Y,7.783640596221253,0.0,4.2171633265087465,46656000.0,0,1,0,1,1,0,0,0,1,0,1,0,0,0,1
3941,2336.0,134.0,360.0,1.0,Y,8.279443487712665,48.33218389437829,5.117229946912049,46656000.0,0,1,0,1,1,0,0,0,1,0,1,0,0,1,0
4695,0.0,96.0,360.0,1.0,Y,8.454466361507933,0.0,4.5788569702133275,46656000.0,0,1,0,1,1,0,0,0,0,1,0,1,0,0,1
3410,0.0,88.0,360.0,1.0,Y,8.134760782418645,0.0,4.447960181138631,46656000.0,1,0,1,0,1,0,0,0,1,0,1,0,0,0,1
5649,0.0,44.0,360.0,1.0,Y,8.639410824140487,0.0,3.530348335326063,46656000.0,0,1,0,1,0,1,0,0,1,0,1,0,0,0,1
5821,0.0,144.0,360.0,1.0,Y,8.669399124305569,0.0,5.241482788417793,46656000.0,0,1,0,1,1,0,0,0,1,0,1,0,0,0,1
2645,3440.0,120.0,360.0,0.0,N,7.880804344674901,58.65151319446072,4.932424148660941,46656000.0,1,0,0,1,1,0,0,0,1,0,1,0,0,0,1
4000,2275.0,144.0,360.0,1.0,Y,8.294299608857235,47.69696007084728,5.241482788417793,46656000.0,1,0,1,0,1,0,0,0,1,0,1,0,0,1,0
1928,1644.0,100.0,360.0,1.0,Y,7.564757012905729,40.54626986542659,4.641588833612779,46656000.0,1,0,0,1,1,0,0,0,0,1,1,0,0,1,0
3086,0.0,120.0,360.0,1.0,Y,8.034955024502159,0.0,4.932424148660941,46656000.0,1,0,1,0,1,0,0,0,1,0,1,0,0,1,0
4230,0.0,112.0,360.0,1.0,N,8.350193650720067,0.0,4.820284528350459,46656000.0,1,0,1,0,1,0,0,0,1,0,1,0,0,1,0
4616,0.0,134.0,360.0,1.0,N,8.43750042250699,0.0,5.117229946912049,46656000.0,0,1,0,1,0,0,1,0,1,0,1,0,0,0,1
11500,0.0,286.0,360.0,0.0,N,9.350189267092581,0.0,6.588532274527865,46656000.0,1,0,0,1,0,1,0,0,1,0,0,1,0,0,1
2708,1167.0,97.0,360.0,1.0,Y,7.904334842085095,34.161381705077446,4.59470089220704,46656000.0,0,1,0,1,0,0,1,0,1,0,1,0,0,1,0
2132,1591.0,96.0,360.0,1.0,Y,7.665284718471351,39.88734135035826,4.5788569702133275,46656000.0,0,1,0,1,1,0,0,0,1,0,1,0,0,1,0
3366,2200.0,135.0,360.0,1.0,N,8.121777419161074,46.9041575982343,5.129927840030091,46656000.0,0,1,0,1,1,0,0,0,1,0,1,0,1,0,0
8080,2250.0,180.0,360.0,1.0,Y,8.997270906233448,47.43416490252569,5.646216173286171,46656000.0,0,1,0,1,0,1,0,0,1,0,1,0,0,0,1
3357,2859.0,144.0,360.0,1.0,Y,8.119100837637486,53.4696175411794,5.241482788417793,46656000.0,0,1,0,1,0,0,1,0,0,1,1,0,0,0,1
2500,3796.0,120.0,360.0,1.0,Y,7.824445930877619,61.61168720299745,4.932424148660941,46656000.0,0,1,0,1,1,0,0,0,1,0,1,0,0,0,1
3029,0.0,99.0,360.0,1.0,Y,8.016317898503415,0.0,4.626065009182742,46656000.0,0,1,0,1,0,0,0,1,1,0,1,0,0,0,1
2609,3449.0,165.0,180.0,0.0,N,7.867105500316739,58.728187440104094,5.484806552432618,5832000.0,0,1,0,1,1,0,0,0,0,1,0,1,1,0,0
4945,0.0,146.41216216216216,360.0,0.0,N,8.506334448081361,0.0,5.27058778761184,46656000.0,0,1,0,1,0,1,0,0,1,0,1,0,1,0,0
4166,0.0,116.0,360.0,0.0,N,8.334951631422454,0.0,4.876998961073314,46656000.0,1,0,1,0,1,0,0,0,1,0,1,0,0,1,0
5726,4595.0,258.0,360.0,1.0,N,8.652947112393857,67.7864293203293,6.366096760416893,46656000.0,0,1,0,1,1,0,0,0,1,0,1,0,0,1,0
3200,2254.0,126.0,180.0,0.0,N,8.071218539969863,47.47630988187688,5.0132979349645845,5832000.0,0,1,1,0,1,0,0,0,0,1,1,0,0,0,1
10750,0.0,312.0,360.0,1.0,Y,9.282754052485227,0.0,6.782422886028334,46656000.0,0,1,0,1,0,1,0,0,1,0,1,0,0,0,1
7100,0.0,125.0,60.0,1.0,Y,8.867990898182093,0.0,5.0,216000.0,0,1,0,1,0,0,0,1,0,1,0,1,0,0,1
4300,0.0,136.0,360.0,0.0,N,8.366602832783736,0.0,5.14256318131647,46656000.0,1,0,1,0,1,0,0,0,1,0,1,0,0,1,0
3208,3066.0,172.0,360.0,1.0,Y,8.073714641109857,55.37147279962851,5.5612977665212355,46656000.0,0,1,0,1,1,0,0,0,1,0,1,0,0,0,1
1875,1875.0,97.0,360.0,1.0,Y,7.53689712956617,43.30127018922193,4.59470089220704,46656000.0,0,1,0,1,0,0,1,0,0,1,0,1,0,1,0
3500,0.0,81.0,300.0,1.0,Y,8.160803920954665,0.0,4.326748710922225,27000000.0,0,1,1,0,1,0,0,0,1,0,1,0,0,1,0
4755,0.0,95.0,360.0,0.0,N,8.467162257810672,0.0,4.562902635386967,46656000.0,0,1,0,1,0,0,0,1,0,1,1,0,0,1,0
5266,1774.0,187.0,360.0,1.0,Y,8.569216219483389,42.118879377305376,5.718479064871316,46656000.0,0,1,0,1,0,0,0,1,1,0,0,1,0,1,0
3750,0.0,113.0,480.0,1.0,N,8.229777750081887,0.0,4.834588127111639,110592000.0,0,1,1,0,1,0,0,0,1,0,1,0,0,0,1
3750,4750.0,176.0,360.0,1.0,N,8.229777750081887,68.92024376045111,5.6040786613107745,46656000.0,0,1,1,0,1,0,0,0,1,0,1,0,0,0,1
1000,3022.0,110.0,360.0,1.0,N,6.90875477931522,54.97272050753901,4.791419857062785,46656000.0,0,1,0,1,0,1,0,0,1,0,0,1,0,0,1
3167,4000.0,180.0,300.0,0.0,N,8.060855752934316,63.245553203367585,5.646216173286171,27000000.0,0,1,0,1,0,0,0,1,1,0,1,0,0,1,0
3333,2166.0,130.0,360.0,1.0,Y,8.111928063310739,46.54030511288038,5.065797019100886,46656000.0,0,1,0,1,0,0,0,1,0,1,0,1,0,1,0
3846,0.0,111.0,360.0,1.0,Y,8.255048902752295,0.0,4.805895533705333,46656000.0,1,0,1,0,1,0,0,0,1,0,1,0,0,1,0
2395,0.0,146.41216216216216,360.0,1.0,Y,7.78155595923534,0.0,5.27058778761184,46656000.0,0,1,0,1,0,1,0,0,1,0,0,1,0,1,0
1378,1881.0,167.0,360.0,1.0,N,7.229113877793302,43.37049688440288,5.506878446387352,46656000.0,1,0,0,1,0,0,1,0,1,0,1,0,0,0,1
6000,2250.0,265.0,360.0,1.0,N,8.699681400989514,47.43416490252569,6.423158288562369,46656000.0,0,1,0,1,1,0,0,0,1,0,1,0,0,1,0
3988,0.0,50.0,240.0,1.0,Y,8.291295851905407,0.0,3.684031498640387,13824000.0,0,1,0,1,0,1,0,0,1,0,1,0,0,0,1
2366,2531.0,136.0,360.0,1.0,Y,7.769378609513984,50.309044912421065,5.14256318131647,46656000.0,0,1,1,0,1,0,0,0,1,0,1,0,0,1,0
3333,2000.0,99.0,360.0,1.0,Y,8.111928063310739,44.721359549995796,4.626065009182742,46656000.0,0,1,0,1,0,0,1,0,0,1,1,0,0,1,0
2500,2118.0,104.0,360.0,1.0,Y,7.824445930877619,46.021733996015406,4.7026693754415145,46656000.0,0,1,0,1,1,0,0,0,1,0,1,0,0,1,0
8566,0.0,210.0,360.0,1.0,Y,9.055672891964043,0.0,5.94392195276313,46656000.0,0,1,1,0,1,0,0,0,1,0,1,0,0,0,1
5695,4167.0,175.0,360.0,1.0,Y,8.647519453091812,64.55230437405004,5.593444710406985,46656000.0,0,1,0,1,1,0,0,0,1,0,1,0,0,1,0
2958,2900.0,131.0,360.0,1.0,Y,7.99260665240021,53.85164807134504,5.078753078132701,46656000.0,0,1,0,1,1,0,0,0,1,0,1,0,0,1,0
6250,5654.0,188.0,180.0,1.0,Y,8.740496729931813,75.19308478842984,5.728654315982437,5832000.0,0,1,0,1,0,0,1,0,1,0,1,0,0,1,0
3273,1820.0,81.0,360.0,1.0,Y,8.09376775793108,42.661458015403085,4.326748710922225,46656000.0,0,1,0,1,0,0,1,0,0,1,1,0,0,0,1
4133,0.0,122.0,360.0,1.0,Y,8.327000740241713,0.0,4.959675663842301,46656000.0,0,1,1,0,1,0,0,0,1,0,1,0,0,1,0
3620,0.0,25.0,120.0,1.0,Y,8.19450550976564,0.0,2.924017738212866,1728000.0,0,1,1,0,1,0,0,0,0,1,1,0,0,1,0
6782,0.0,146.41216216216216,360.0,1.0,N,8.82217476094608,0.0,5.27058778761184,46656000.0,0,1,1,0,1,0,0,0,1,0,1,0,0,0,1
2484,2302.0,137.0,360.0,1.0,Y,7.818027938530729,47.97916214358062,5.155136735475772,46656000.0,1,0,0,1,1,0,0,0,1,0,1,0,0,1,0
1977,997.0,50.0,360.0,1.0,Y,7.589841512182657,31.575306807693888,3.684031498640387,46656000.0,0,1,0,1,1,0,0,0,1,0,1,0,0,1,0
4188,0.0,115.0,180.0,1.0,Y,8.340217320947035,0.0,4.86294413109428,5832000.0,0,1,0,1,1,0,0,0,0,1,1,0,0,1,0
1759,3541.0,131.0,360.0,1.0,Y,7.473069088032197,59.50630218724736,5.078753078132701,46656000.0,0,1,0,1,1,0,0,0,1,0,1,0,0,1,0
4288,3263.0,133.0,180.0,1.0,Y,8.36380888451688,57.12267500739089,5.104468722001463,5832000.0,0,1,0,1,0,0,1,0,0,1,1,0,0,0,1
4843,3806.0,151.0,360.0,1.0,Y,8.485496104672983,61.69278726074872,5.325074021614987,46656000.0,0,1,1,0,1,0,0,0,1,0,1,0,0,1,0
13650,0.0,146.41216216216216,360.0,1.0,Y,9.521568058002977,0.0,5.27058778761184,46656000.0,0,1,0,1,1,0,0,0,1,0,1,0,0,0,1
4652,3583.0,146.41216216216216,360.0,1.0,Y,8.445267451844648,59.85816569190874,5.27058778761184,46656000.0,0,1,0,1,1,0,0,0,1,0,1,0,0,1,0
3816,754.0,160.0,360.0,1.0,Y,8.247220052745229,27.459060435491963,5.4288352331898135,46656000.0,0,1,0,1,1,0,0,0,1,0,1,0,0,0,1
3052,1030.0,100.0,360.0,1.0,Y,8.023879992734878,32.09361307176243,4.641588833612779,46656000.0,0,1,0,1,0,1,0,0,1,0,1,0,0,0,1
11417,1126.0,225.0,360.0,1.0,Y,9.342946336524205,33.555923471125034,6.082201995573399,46656000.0,0,1,0,1,0,0,1,0,1,0,1,0,0,0,1
7333,0.0,120.0,360.0,1.0,N,8.900276348631271,0.0,4.932424148660941,46656000.0,0,1,1,0,1,0,0,0,0,1,1,0,1,0,0
3800,3600.0,216.0,360.0,0.0,N,8.24301946898925,60.0,6.0,46656000.0,0,1,0,1,0,0,1,0,1,0,1,0,0,0,1
2071,754.0,94.0,480.0,1.0,Y,7.6362696033793735,27.459060435491963,4.546835943776344,110592000.0,0,1,0,1,0,0,0,1,0,1,1,0,0,1,0
5316,0.0,136.0,360.0,1.0,Y,8.57866451350434,0.0,5.14256318131647,46656000.0,0,1,1,0,1,0,0,0,1,0,1,0,0,0,1
2929,2333.0,139.0,360.0,1.0,Y,7.982757702011113,48.30113870293329,5.180101467380293,46656000.0,1,0,0,1,1,0,0,0,1,0,1,0,0,1,0
3572,4114.0,152.0,360.0,0.0,N,8.181160858023409,64.1404708432983,5.33680329744389,46656000.0,0,1,0,1,1,0,0,0,0,1,1,0,1,0,0
7451,0.0,146.41216216216216,360.0,1.0,Y,8.916237731721479,0.0,5.27058778761184,46656000.0,1,0,1,0,0,1,0,0,1,0,0,1,0,1,0
5050,0.0,118.0,360.0,1.0,Y,8.527341522468053,0.0,4.904868131524017,46656000.0,0,1,1,0,1,0,0,0,1,0,1,0,0,1,0
14583,0.0,185.0,180.0,1.0,Y,9.5876803163585,0.0,5.698019215305065,5832000.0,0,1,0,1,0,1,0,0,1,0,1,0,1,0,0
3167,2283.0,154.0,360.0,1.0,Y,8.060855752934316,47.78074926160116,5.360108410965363,46656000.0,1,0,0,1,1,0,0,0,1,0,1,0,0,1,0
2214,1398.0,85.0,360.0,1.0,Y,7.703007682479236,37.389838191679836,4.396829672158179,46656000.0,0,1,0,1,0,1,0,0,1,0,1,0,0,0,1
5568,2142.0,175.0,360.0,1.0,N,8.624970783589669,46.281745861624536,5.593444710406985,46656000.0,0,1,0,1,1,0,0,0,1,0,1,0,1,0,0
10408,0.0,259.0,360.0,1.0,Y,9.250426095515468,0.0,6.374311087929094,46656000.0,1,0,1,0,1,0,0,0,1,0,1,0,0,0,1
5667,2667.0,180.0,360.0,1.0,Y,8.64259160081057,51.64300533470143,5.646216173286171,46656000.0,0,1,0,1,1,0,0,0,1,0,1,0,1,0,0
4166,0.0,44.0,360.0,1.0,Y,8.334951631422454,0.0,3.530348335326063,46656000.0,1,0,1,0,1,0,0,0,1,0,1,0,0,1,0
2137,8980.0,137.0,360.0,0.0,Y,7.6676260915849905,94.76286192385707,5.155136735475772,46656000.0,1,0,1,0,1,0,0,0,1,0,1,0,0,1,0
2957,0.0,81.0,360.0,1.0,Y,7.992268643270745,0.0,4.326748710922225,46656000.0,0,1,0,1,0,0,1,0,1,0,1,0,0,1,0
4300,2014.0,194.0,360.0,1.0,Y,8.366602832783736,44.87761134463375,5.788960372062403,46656000.0,0,1,0,1,1,0,0,0,0,1,1,0,1,0,0
3692,0.0,93.0,360.0,1.0,Y,8.214194414852564,0.0,4.530654896083493,46656000.0,1,0,1,0,1,0,0,0,1,0,1,0,1,0,0
23803,0.0,370.0,360.0,1.0,Y,10.077608912764743,0.0,7.179054352068318,46656000.0,0,1,0,1,0,0,0,1,1,0,1,0,1,0,0
3865,1640.0,146.41216216216216,360.0,1.0,Y,8.259975659768276,40.496913462633174,5.27058778761184,46656000.0,0,1,1,0,1,0,0,0,1,0,1,0,1,0,0
10513,3850.0,160.0,180.0,0.0,N,9.260462981379394,62.048368229954285,5.4288352331898135,5832000.0,0,1,0,1,0,1,0,0,1,0,0,1,0,0,1
6080,2569.0,182.0,360.0,1.0,N,8.71292443512011,50.68530358989675,5.667051108097064,46656000.0,0,1,0,1,1,0,0,0,1,0,1,0,1,0,0
2014,1929.0,74.0,360.0,1.0,Y,7.608374474380783,43.9203825119955,4.198336453808407,46656000.0,0,1,1,0,1,0,0,0,1,0,1,0,0,0,1
2718,0.0,70.0,360.0,1.0,Y,7.908019444632471,0.0,4.121285299808557,46656000.0,0,1,1,0,1,0,0,0,1,0,1,0,0,1,0
3459,0.0,25.0,120.0,1.0,Y,8.14902386805177,0.0,2.924017738212866,1728000.0,0,1,0,1,1,0,0,0,1,0,0,1,0,1,0
4895,0.0,102.0,360.0,1.0,Y,8.496173824192162,0.0,4.67232872835526,46656000.0,0,1,1,0,1,0,0,0,1,0,1,0,0,1,0
4000,7750.0,290.0,360.0,1.0,N,8.294299608857235,88.03408430829505,6.619105948026229,46656000.0,0,1,0,1,0,0,0,1,1,0,1,0,0,1,0
4583,0.0,84.0,360.0,1.0,N,8.430327258394575,0.0,4.379519139887889,46656000.0,1,0,0,1,1,0,0,0,1,0,1,0,1,0,0
3316,3500.0,88.0,360.0,1.0,Y,8.106816038947052,59.16079783099616,4.447960181138631,46656000.0,0,1,0,1,0,0,1,0,1,0,0,1,0,0,1
14999,0.0,242.0,360.0,0.0,N,9.615805480084347,0.0,6.231679684369752,46656000.0,0,1,1,0,1,0,0,0,1,0,1,0,0,1,0
4200,1430.0,129.0,360.0,1.0,N,8.343077871169383,37.815340802378074,5.052774347208561,46656000.0,0,1,0,1,0,0,1,0,0,1,1,0,1,0,0
5042,2083.0,185.0,360.0,1.0,N,8.525756422076725,45.639894828976104,5.698019215305065,46656000.0,0,1,0,1,0,0,1,0,1,0,1,0,1,0,0
5417,0.0,168.0,360.0,1.0,Y,8.59748202264504,0.0,5.5178483527622415,46656000.0,0,1,1,0,1,0,0,0,1,0,1,0,0,0,1
6950,0.0,175.0,180.0,1.0,Y,8.846640813100485,0.0,5.593444710406985,5832000.0,0,1,1,0,1,0,0,0,1,0,0,1,0,1,0
2698,2034.0,122.0,360.0,1.0,Y,7.900636613018005,45.09988913511872,4.959675663842301,46656000.0,0,1,0,1,1,0,0,0,1,0,1,0,0,1,0
11757,0.0,187.0,180.0,1.0,Y,9.3722891389622,0.0,5.718479064871316,5832000.0,0,1,0,1,0,0,1,0,1,0,1,0,0,0,1
2330,4486.0,100.0,360.0,1.0,Y,7.754052639035757,66.9776081985614,4.641588833612779,46656000.0,1,0,0,1,1,0,0,0,1,0,1,0,0,1,0
14866,0.0,70.0,360.0,1.0,Y,9.60689927061335,0.0,4.121285299808557,46656000.0,1,0,0,1,0,0,1,0,1,0,1,0,0,0,1
1538,1425.0,30.0,360.0,1.0,Y,7.338888133838879,37.749172176353746,3.107232505953859,46656000.0,0,1,0,1,0,1,0,0,1,0,1,0,0,0,1
10000,1666.0,225.0,360.0,1.0,N,9.210440366976517,40.8166632639171,6.082201995573399,46656000.0,1,0,1,0,1,0,0,0,1,0,1,0,1,0,0
4860,830.0,125.0,360.0,1.0,Y,8.488999457045455,28.809720581775867,5.0,46656000.0,0,1,0,1,1,0,0,0,1,0,1,0,0,1,0
6277,0.0,118.0,360.0,0.0,N,8.744806737401898,0.0,4.904868131524017,46656000.0,0,1,1,0,1,0,0,0,1,0,1,0,1,0,0
2577,3750.0,152.0,360.0,1.0,Y,7.8547691834991324,61.237243569579455,5.33680329744389,46656000.0,0,1,0,1,1,0,0,0,1,0,0,1,1,0,0
9166,0.0,244.0,360.0,1.0,N,9.123365357961776,0.0,6.248799769526244,46656000.0,0,1,1,0,1,0,0,0,1,0,1,0,0,0,1
2281,0.0,113.0,360.0,1.0,N,7.732807530422021,0.0,4.834588127111639,46656000.0,0,1,0,1,0,0,1,0,0,1,1,0,1,0,0
3254,0.0,50.0,360.0,1.0,Y,8.08794755464267,0.0,3.684031498640387,46656000.0,0,1,1,0,1,0,0,0,1,0,1,0,0,0,1
6000,0.0,160.0,360.0,1.0,Y,8.699681400989514,0.0,5.4288352331898135,46656000.0,0,1,0,1,0,1,0,0,1,0,1,0,1,0,0
9538,0.0,187.0,360.0,1.0,Y,9.163143937145207,0.0,5.718479064871316,46656000.0,0,1,0,1,0,1,0,0,1,0,1,0,0,0,1
2980,2083.0,120.0,360.0,1.0,Y,8.000014093678072,45.639894828976104,4.932424148660941,46656000.0,0,1,1,0,1,0,0,0,1,0,1,0,1,0,0
4583,5625.0,255.0,360.0,1.0,Y,8.430327258394575,75.0,6.341325705384997,46656000.0,0,1,0,1,1,0,0,0,1,0,1,0,0,1,0
1863,1041.0,98.0,360.0,1.0,Y,7.530479995245536,32.264531609803356,4.610436292058447,46656000.0,0,1,0,1,1,0,0,0,0,1,1,0,0,1,0
7933,0.0,275.0,360.0,1.0,N,8.978912601074276,0.0,6.502957234256936,46656000.0,0,1,0,1,1,0,0,0,1,0,1,0,0,0,1
3089,1280.0,121.0,360.0,0.0,N,8.035926369891792,35.77708763999664,4.946087443248701,46656000.0,0,1,0,1,0,1,0,0,1,0,1,0,0,1,0
4167,1447.0,158.0,360.0,1.0,Y,8.335191583433202,38.03945320322047,5.406120175750225,46656000.0,0,1,0,1,0,0,1,0,1,0,1,0,1,0,0
9323,0.0,75.0,180.0,1.0,Y,9.140347000155648,0.0,4.2171633265087465,5832000.0,0,1,0,1,1,0,0,0,1,0,1,0,0,0,1
3707,3166.0,182.0,360.0,1.0,Y,8.218247926685745,56.2672195865408,5.667051108097064,46656000.0,0,1,0,1,1,0,0,0,1,0,1,0,1,0,0
4583,0.0,112.0,360.0,1.0,N,8.430327258394575,0.0,4.820284528350459,46656000.0,1,0,0,1,1,0,0,0,1,0,1,0,1,0,0
2439,3333.0,129.0,360.0,1.0,Y,7.799753318287247,57.73214009544424,5.052774347208561,46656000.0,0,1,0,1,1,0,0,0,1,0,1,0,1,0,0
2237,0.0,63.0,480.0,0.0,N,7.71333788887187,0.0,3.9790572078963917,110592000.0,0,1,1,0,1,0,0,0,1,0,1,0,0,1,0
8000,0.0,200.0,360.0,1.0,Y,8.987321812850125,0.0,5.848035476425732,46656000.0,0,1,0,1,0,0,1,0,1,0,1,0,0,1,0
1820,1769.0,95.0,360.0,1.0,Y,7.507141079727608,42.05948168962618,4.562902635386967,46656000.0,0,1,0,1,1,0,0,0,0,1,1,0,1,0,0
3522,0.0,81.0,180.0,1.0,N,8.167068178341237,0.0,4.326748710922225,5832000.0,0,1,0,1,0,0,0,1,0,1,1,0,1,0,0
5708,5625.0,187.0,360.0,1.0,Y,8.64979915596426,75.0,5.718479064871316,46656000.0,0,1,0,1,1,0,0,0,1,0,1,0,0,1,0
4344,736.0,87.0,360.0,1.0,N,8.376781037699493,27.129319932501073,4.431047621693635,46656000.0,0,1,0,1,1,0,0,0,0,1,0,1,0,1,0
3497,1964.0,116.0,360.0,1.0,Y,8.159946655578548,44.31703961232068,4.876998961073314,46656000.0,0,1,0,1,1,0,0,0,1,0,1,0,1,0,0
2045,1619.0,101.0,360.0,1.0,Y,7.6236419465115715,40.23679907746142,4.657009507803836,46656000.0,0,1,0,1,0,0,1,0,1,0,1,0,1,0,0
5516,11300.0,495.0,360.0,0.0,N,8.61558951327243,106.30145812734649,7.910459893465202,46656000.0,0,1,0,1,0,0,0,1,1,0,1,0,0,1,0
3750,0.0,116.0,360.0,1.0,Y,8.229777750081887,0.0,4.876998961073314,46656000.0,0,1,0,1,0,1,0,0,1,0,1,0,0,1,0
2333,1451.0,102.0,480.0,0.0,N,7.755338812846501,38.09199390948182,4.67232872835526,110592000.0,0,1,1,0,1,0,0,0,0,1,1,0,0,0,1
6400,7250.0,180.0,360.0,0.0,N,8.764209507142004,85.14693182963201,5.646216173286171,46656000.0,0,1,0,1,0,1,0,0,1,0,1,0,0,0,1
1916,5063.0,67.0,360.0,1.0,N,7.558516743045645,71.15476090888086,4.06154810044568,46656000.0,0,1,1,0,1,0,0,0,1,0,1,0,1,0,0
4600,0.0,73.0,180.0,1.0,Y,8.434028950155469,0.0,4.179339196381232,5832000.0,0,1,0,1,1,0,0,0,1,0,1,0,0,1,0
33846,0.0,260.0,360.0,1.0,N,10.429605648120413,0.0,6.382504298859907,46656000.0,0,1,0,1,0,1,0,0,1,0,1,0,0,1,0
3625,0.0,108.0,360.0,1.0,Y,8.195885391314796,0.0,4.762203155904599,46656000.0,1,0,0,1,1,0,0,0,1,0,1,0,0,1,0
39147,4750.0,120.0,360.0,1.0,Y,10.57510461454571,68.92024376045111,4.932424148660941,46656000.0,0,1,0,1,1,0,0,0,1,0,0,1,0,1,0
2178,0.0,66.0,300.0,0.0,N,7.68662133494462,0.0,4.04124002062219,27000000.0,0,1,0,1,0,1,0,0,1,0,0,1,1,0,0
2383,2138.0,58.0,360.0,1.0,Y,7.776535028185241,46.238512086787566,3.870876640627797,46656000.0,0,1,0,1,1,0,0,0,1,0,1,0,1,0,0
674,5296.0,168.0,360.0,1.0,Y,6.51471269087253,72.77362159464101,5.5178483527622415,46656000.0,0,1,0,1,1,0,0,0,1,0,0,1,1,0,0
9328,0.0,188.0,180.0,1.0,Y,9.140883106960962,0.0,5.728654315982437,5832000.0,0,1,0,1,1,0,0,0,1,0,1,0,1,0,0
4885,0.0,48.0,360.0,1.0,Y,8.494129251817686,0.0,3.634241185664279,46656000.0,0,1,1,0,1,0,0,0,0,1,1,0,1,0,0
12000,0.0,164.0,360.0,1.0,N,9.392745258631441,0.0,5.473703674798427,46656000.0,0,1,1,0,1,0,0,0,1,0,1,0,0,1,0
6033,0.0,160.0,360.0,1.0,N,8.705165419719007,0.0,5.4288352331898135,46656000.0,0,1,0,1,1,0,0,0,0,1,1,0,0,0,1
3858,0.0,76.0,360.0,1.0,Y,8.258163361537619,0.0,4.235823584254893,46656000.0,0,1,1,0,1,0,0,0,1,0,1,0,0,1,0
4191,0.0,120.0,360.0,1.0,Y,8.340933226000878,0.0,4.932424148660941,46656000.0,0,1,1,0,1,0,0,0,1,0,1,0,1,0,0
3125,2583.0,170.0,360.0,1.0,N,8.047509510981422,50.82322303829225,5.539658256754464,46656000.0,0,1,0,1,0,1,0,0,1,0,1,0,0,1,0
8333,3750.0,187.0,360.0,1.0,Y,9.0280988119824,61.237243569579455,5.718479064871316,46656000.0,0,1,1,0,1,0,0,0,1,0,1,0,1,0,0
1907,2365.0,120.0,360.0,1.0,Y,7.553810852008231,48.63126566315131,4.932424148660941,46656000.0,1,0,1,0,1,0,0,0,0,1,1,0,0,0,1
3416,2816.0,113.0,360.0,1.0,Y,8.136518252115291,53.0659966456864,4.834588127111639,46656000.0,1,0,0,1,1,0,0,0,1,0,1,0,0,1,0
11000,0.0,83.0,360.0,1.0,N,9.305741456739435,0.0,4.362070671454838,46656000.0,0,1,1,0,1,0,0,0,1,0,0,1,0,0,1
2600,2500.0,90.0,360.0,1.0,Y,7.8636512654486515,50.0,4.481404746557165,46656000.0,0,1,0,1,0,1,0,0,0,1,1,0,0,1,0
4923,0.0,166.0,360.0,0.0,Y,8.501876487304344,0.0,5.4958646600950125,46656000.0,0,1,1,0,0,0,1,0,1,0,1,0,0,1,0
3992,0.0,146.41216216216216,180.0,1.0,N,8.292298107063221,0.0,5.27058778761184,5832000.0,0,1,0,1,0,0,0,1,0,1,1,0,0,0,1
3500,1083.0,135.0,360.0,1.0,Y,8.160803920954665,32.90896534380867,5.129927840030091,46656000.0,0,1,0,1,0,1,0,0,0,1,1,0,0,0,1
3917,0.0,124.0,360.0,1.0,Y,8.273336598504486,0.0,4.986630952238646,46656000.0,0,1,0,1,0,0,1,0,0,1,1,0,0,1,0
4408,0.0,120.0,360.0,1.0,Y,8.391403185357937,0.0,4.932424148660941,46656000.0,1,0,1,0,1,0,0,0,0,1,1,0,0,1,0
3244,0.0,80.0,360.0,1.0,Y,8.08487062913819,0.0,4.308869380063768,46656000.0,1,0,1,0,1,0,0,0,1,0,1,0,0,0,1
3975,2531.0,55.0,360.0,1.0,Y,8.288031567776464,50.309044912421065,3.802952460761392,46656000.0,0,1,1,0,1,0,0,0,0,1,1,0,1,0,0
2479,0.0,59.0,360.0,1.0,Y,7.8160138391590275,0.0,3.8929964158732604,46656000.0,0,1,1,0,1,0,0,0,1,0,1,0,0,0,1
3418,0.0,127.0,360.0,1.0,N,8.137103389639302,0.0,5.026525695313479,46656000.0,0,1,1,0,1,0,0,0,1,0,1,0,0,1,0
10000,0.0,214.0,360.0,1.0,N,9.210440366976517,0.0,5.981424029720886,46656000.0,1,0,1,0,1,0,0,0,1,0,1,0,0,1,0
3430,1250.0,128.0,360.0,0.0,N,8.14060704285845,35.35533905932738,5.039684199579492,46656000.0,0,1,0,1,0,0,0,1,1,0,1,0,0,1,0
7787,0.0,240.0,360.0,1.0,Y,8.960339366492091,0.0,6.214465011907718,46656000.0,0,1,0,1,0,1,0,0,1,0,0,1,0,0,1
5703,0.0,130.0,360.0,1.0,Y,8.648922962094131,0.0,5.065797019100886,46656000.0,0,1,0,1,0,0,0,1,0,1,0,1,1,0,0
3173,3021.0,137.0,360.0,1.0,Y,8.062747901086354,54.96362433464518,5.155136735475772,46656000.0,0,1,0,1,1,0,0,0,1,0,1,0,0,0,1
3850,983.0,100.0,360.0,1.0,Y,8.25608813381491,31.352830813181765,4.641588833612779,46656000.0,0,1,0,1,0,0,0,1,0,1,1,0,0,1,0
150,1800.0,135.0,360.0,1.0,N,5.017279836814924,42.42640687119285,5.129927840030091,46656000.0,0,1,0,1,1,0,0,0,1,0,1,0,1,0,0
3727,1775.0,131.0,360.0,1.0,Y,8.223627175805483,42.13074886588179,5.078753078132701,46656000.0,0,1,0,1,1,0,0,0,1,0,1,0,0,1,0
5000,0.0,72.0,360.0,0.0,N,8.517393171418904,0.0,4.160167646103808,46656000.0,0,1,0,1,0,0,1,0,1,0,1,0,0,1,0
4283,2383.0,127.0,360.0,1.0,Y,8.36264243156764,48.815980989835694,5.026525695313479,46656000.0,1,0,0,1,0,0,1,0,1,0,1,0,0,1,0
2221,0.0,60.0,360.0,0.0,N,7.706162970199576,0.0,3.9148676411688634,46656000.0,0,1,0,1,1,0,0,0,1,0,1,0,0,0,1
4009,1717.0,116.0,360.0,1.0,Y,8.296546520300614,41.43669871020132,4.876998961073314,46656000.0,0,1,0,1,0,0,1,0,1,0,1,0,0,1,0
2971,2791.0,144.0,360.0,1.0,Y,7.99699040583765,52.82991576748916,5.241482788417793,46656000.0,0,1,1,0,1,0,0,0,1,0,1,0,0,1,0
7578,1010.0,175.0,360.0,1.0,Y,8.93313654381203,31.78049716414141,5.593444710406985,46656000.0,0,1,0,1,1,0,0,0,1,0,1,0,0,1,0
6250,0.0,128.0,360.0,1.0,Y,8.740496729931813,0.0,5.039684199579492,46656000.0,0,1,0,1,1,0,0,0,1,0,1,0,0,1,0
3250,0.0,170.0,360.0,1.0,N,8.086717920303906,0.0,5.539658256754464,46656000.0,0,1,0,1,1,0,0,0,1,0,1,0,1,0,0
4735,0.0,138.0,360.0,1.0,N,8.462948176563842,0.0,5.167649252363623,46656000.0,0,1,0,1,1,0,0,0,0,1,0,1,0,0,1
6250,1695.0,210.0,360.0,1.0,Y,8.740496729931813,41.1703777004778,5.94392195276313,46656000.0,0,1,0,1,0,0,1,0,1,0,1,0,0,1,0
4758,0.0,158.0,480.0,1.0,Y,8.46779284112111,0.0,5.406120175750225,110592000.0,0,1,0,1,1,0,0,0,1,0,1,0,0,1,0
6400,0.0,200.0,360.0,1.0,Y,8.764209507142004,0.0,5.848035476425732,46656000.0,0,1,1,0,1,0,0,0,1,0,0,1,1,0,0
2491,2054.0,104.0,360.0,1.0,Y,7.820840879907344,45.32107677449864,4.7026693754415145,46656000.0,0,1,0,1,0,1,0,0,1,0,1,0,0,1,0
3716,0.0,42.0,180.0,1.0,Y,8.220672170297252,0.0,3.47602664488645,5832000.0,0,1,0,1,1,0,0,0,1,0,1,0,1,0,0
3189,2598.0,120.0,360.0,1.0,Y,8.06777619577889,50.97057974949863,4.932424148660941,46656000.0,0,1,1,0,1,0,0,0,0,1,1,0,1,0,0
8333,0.0,280.0,360.0,1.0,Y,9.0280988119824,0.0,6.5421326203771795,46656000.0,1,0,1,0,1,0,0,0,1,0,1,0,0,1,0
3155,1779.0,140.0,360.0,1.0,Y,8.057060681965766,42.17819341792628,5.1924941018511035,46656000.0,0,1,0,1,0,1,0,0,1,0,1,0,0,1,0
5500,1260.0,170.0,360.0,1.0,Y,8.612685172875459,35.4964786985977,5.539658256754464,46656000.0,0,1,0,1,0,1,0,0,1,0,1,0,1,0,0
5746,0.0,255.0,360.0,1.0,N,8.656433258507741,0.0,6.341325705384997,46656000.0,0,1,0,1,1,0,0,0,1,0,1,0,0,0,1
3463,0.0,122.0,360.0,1.0,Y,8.150179269682326,0.0,4.959675663842301,46656000.0,1,0,1,0,1,0,0,0,1,0,0,1,0,0,1
3812,0.0,112.0,360.0,1.0,Y,8.246171559857563,0.0,4.820284528350459,46656000.0,1,0,1,0,0,1,0,0,1,0,1,0,1,0,0
3315,0.0,96.0,360.0,1.0,Y,8.106514516255185,0.0,4.5788569702133275,46656000.0,0,1,0,1,0,1,0,0,1,0,1,0,0,1,0
5819,5000.0,120.0,360.0,1.0,Y,8.669055540725484,70.71067811865476,4.932424148660941,46656000.0,0,1,0,1,0,0,1,0,1,0,1,0,1,0,0
2510,1983.0,140.0,180.0,1.0,N,7.828436359157585,44.53088815642464,5.1924941018511035,5832000.0,0,1,0,1,0,1,0,0,0,1,1,0,0,0,1
2965,5701.0,155.0,60.0,1.0,Y,7.994969522697877,75.50496672405067,5.371685354944832,216000.0,0,1,1,0,1,0,0,0,1,0,1,0,0,0,1
6250,1300.0,108.0,360.0,1.0,Y,8.740496729931813,36.05551275463989,4.762203155904599,46656000.0,0,1,0,1,0,0,1,0,1,0,0,1,1,0,0
3406,4417.0,123.0,360.0,1.0,Y,8.133587417660966,66.46051459325304,4.97318983326859,46656000.0,0,1,0,1,1,0,0,0,0,1,1,0,0,1,0
6050,4333.0,120.0,180.0,1.0,N,8.707978826622321,65.82552696332935,4.932424148660941,5832000.0,0,1,1,0,1,0,0,0,1,0,0,1,0,0,1
9703,0.0,112.0,360.0,1.0,Y,9.180293450623886,0.0,4.820284528350459,46656000.0,0,1,0,1,0,0,1,0,1,0,1,0,0,0,1
6608,0.0,137.0,180.0,1.0,Y,8.796187635470453,0.0,5.155136735475772,5832000.0,0,1,0,1,0,1,0,0,0,1,1,0,0,0,1
2882,1843.0,123.0,480.0,1.0,Y,7.9665866976384025,42.930175867331364,4.97318983326859,110592000.0,0,1,0,1,0,1,0,0,1,0,1,0,0,1,0
1809,1868.0,90.0,360.0,1.0,Y,7.501082124259871,43.22036556994862,4.481404746557165,46656000.0,0,1,0,1,1,0,0,0,1,0,1,0,0,0,1
1668,3890.0,201.0,360.0,0.0,N,7.419979923661835,62.369864518050704,5.857766002650653,46656000.0,0,1,0,1,1,0,0,0,0,1,1,0,0,1,0
3427,0.0,138.0,360.0,1.0,N,8.13973227971767,0.0,5.167649252363623,46656000.0,1,0,1,0,0,0,1,0,1,0,1,0,0,0,1
2583,2167.0,104.0,360.0,1.0,Y,7.857093864902493,46.551047249229526,4.7026693754415145,46656000.0,0,1,1,0,1,0,0,0,0,1,0,1,1,0,0
2661,7101.0,279.0,180.0,1.0,Y,7.8868329989550565,84.26743143112884,6.534335077087573,5832000.0,0,1,0,1,0,1,0,0,0,1,1,0,0,1,0
16250,0.0,192.0,360.0,0.0,N,9.69590972432601,0.0,5.768998281229633,46656000.0,0,1,1,0,1,0,0,0,1,0,0,1,0,0,1
3083,0.0,255.0,360.0,1.0,Y,8.03398273468322,0.0,6.341325705384997,46656000.0,1,0,1,0,0,0,0,1,1,0,1,0,1,0,0
6045,0.0,115.0,360.0,0.0,N,8.707152175339404,0.0,4.86294413109428,46656000.0,0,1,1,0,1,0,0,0,0,1,1,0,1,0,0
5250,0.0,94.0,360.0,1.0,N,8.566173813637858,0.0,4.546835943776344,46656000.0,0,1,0,1,0,0,0,1,1,0,1,0,0,0,1
14683,2100.0,304.0,360.0,1.0,N,9.594513744616725,45.8257569495584,6.723950813597927,46656000.0,0,1,0,1,1,0,0,0,1,0,1,0,1,0,0
4931,0.0,128.0,360.0,1.0,N,8.503499864284235,0.0,5.039684199579492,46656000.0,0,1,0,1,0,0,0,1,0,1,1,0,0,1,0
6083,4250.0,330.0,360.0,1.0,Y,8.713417653379183,65.19202405202648,6.910423230011185,46656000.0,0,1,0,1,0,1,0,0,1,0,1,0,0,0,1
2060,2209.0,134.0,360.0,1.0,Y,7.630946580890459,47.0,5.117229946912049,46656000.0,0,1,1,0,1,0,0,0,1,0,1,0,0,1,0
3481,0.0,155.0,36.0,1.0,N,8.155362120328135,0.0,5.371685354944832,46656.0,1,0,1,0,0,1,0,0,1,0,1,0,0,1,0
7200,0.0,120.0,360.0,1.0,Y,8.881975184248867,0.0,4.932424148660941,46656000.0,1,0,1,0,1,0,0,0,1,0,1,0,1,0,0
5166,0.0,128.0,360.0,1.0,Y,8.550047528287184,0.0,5.039684199579492,46656000.0,0,1,1,0,1,0,0,0,1,0,0,1,0,1,0
4095,3447.0,151.0,360.0,1.0,Y,8.317766166719343,58.71115737234278,5.325074021614987,46656000.0,0,1,1,0,1,0,0,0,1,0,1,0,1,0,0
4708,1387.0,150.0,360.0,1.0,Y,8.457230850243555,37.242448899072144,5.313292845913056,46656000.0,0,1,0,1,0,0,1,0,1,0,1,0,0,1,0
4333,1811.0,160.0,360.0,0.0,Y,8.374246182096304,42.555845661906424,5.4288352331898135,46656000.0,0,1,0,1,0,0,0,1,1,0,1,0,0,0,1
3418,0.0,135.0,360.0,1.0,N,8.137103389639302,0.0,5.129927840030091,46656000.0,1,0,1,0,1,0,0,0,1,0,1,0,1,0,0
2876,1560.0,90.0,360.0,1.0,Y,7.964503363551548,39.496835316262995,4.481404746557165,46656000.0,1,0,1,0,0,1,0,0,1,0,1,0,0,0,1
3237,0.0,30.0,360.0,1.0,Y,8.08271113423758,0.0,3.107232505953859,46656000.0,1,0,1,0,1,0,0,0,1,0,1,0,0,0,1
11146,0.0,136.0,360.0,1.0,Y,9.318925682389624,0.0,5.14256318131647,46656000.0,0,1,0,1,1,0,0,0,1,0,1,0,0,0,1
2833,1857.0,126.0,360.0,1.0,Y,7.949444420250626,43.09292285283048,5.0132979349645845,46656000.0,0,1,1,0,1,0,0,0,1,0,1,0,1,0,0
2620,2223.0,150.0,360.0,1.0,Y,7.8713112033234065,47.148700936505136,5.313292845913056,46656000.0,0,1,0,1,1,0,0,0,1,0,1,0,0,1,0
3900,0.0,90.0,360.0,1.0,Y,8.268988209506656,0.0,4.481404746557165,46656000.0,0,1,0,1,0,0,1,0,1,0,1,0,0,1,0
2750,1842.0,115.0,360.0,1.0,Y,7.919719760924575,42.91852746774987,4.86294413109428,46656000.0,0,1,0,1,0,1,0,0,1,0,1,0,0,1,0
3993,3274.0,207.0,360.0,1.0,Y,8.29254851397576,57.21887800367987,5.915481699700717,46656000.0,0,1,0,1,1,0,0,0,1,0,1,0,0,1,0
3103,1300.0,80.0,360.0,1.0,Y,8.04044688130311,36.05551275463989,4.308869380063768,46656000.0,0,1,0,1,1,0,0,0,1,0,1,0,0,0,1
14583,0.0,436.0,360.0,1.0,Y,9.5876803163585,0.0,7.582786526875782,46656000.0,0,1,0,1,1,0,0,0,1,0,1,0,0,1,0
4100,0.0,124.0,360.0,1.0,Y,8.31898612539206,0.0,4.986630952238646,46656000.0,1,0,0,1,1,0,0,0,0,1,1,0,1,0,0
4053,2426.0,158.0,360.0,0.0,N,8.307459327011946,49.25444142409901,5.406120175750225,46656000.0,0,1,1,0,0,1,0,0,0,1,0,1,0,0,1
3927,800.0,112.0,360.0,1.0,Y,8.275885669474356,28.284271247461902,4.820284528350459,46656000.0,0,1,0,1,1,0,0,0,1,0,1,0,0,1,0
2301,985.7999878,78.0,180.0,1.0,Y,7.741533589281828,31.397451931645666,4.272658681697917,5832000.0,0,1,0,1,0,0,1,0,1,0,1,0,0,0,1
1811,1666.0,54.0,360.0,1.0,Y,7.502186486602924,40.8166632639171,3.7797631496846193,46656000.0,1,0,1,0,1,0,0,0,1,0,1,0,0,0,1
20667,0.0,146.41216216216216,360.0,1.0,N,9.936341889407075,0.0,5.27058778761184,46656000.0,0,1,0,1,1,0,0,0,1,0,1,0,1,0,0
3158,3053.0,89.0,360.0,1.0,Y,8.058010800802085,55.25395913416522,4.464745095584538,46656000.0,0,1,1,0,1,0,0,0,1,0,1,0,1,0,0
2600,1717.0,99.0,300.0,1.0,N,7.8636512654486515,41.43669871020132,4.626065009182742,27000000.0,1,0,1,0,1,0,0,0,1,0,0,1,0,1,0
3704,2000.0,120.0,360.0,1.0,Y,8.217438537730187,44.721359549995796,4.932424148660941,46656000.0,0,1,0,1,1,0,0,0,1,0,1,0,1,0,0
4124,0.0,115.0,360.0,1.0,Y,8.324821298768782,0.0,4.86294413109428,46656000.0,1,0,1,0,1,0,0,0,1,0,1,0,0,1,0
9508,0.0,187.0,360.0,1.0,Y,9.159993997539445,0.0,5.718479064871316,46656000.0,0,1,1,0,1,0,0,0,1,0,1,0,1,0,0
3075,2416.0,139.0,360.0,1.0,Y,8.031385330625534,49.15282290977803,5.180101467380293,46656000.0,0,1,0,1,1,0,0,0,1,0,1,0,1,0,0
4400,0.0,127.0,360.0,0.0,N,8.38958706681109,0.0,5.026525695313479,46656000.0,0,1,0,1,0,0,1,0,1,0,1,0,0,1,0
3153,1560.0,134.0,360.0,1.0,Y,8.056426767522984,39.496835316262995,5.117229946912049,46656000.0,0,1,0,1,0,0,1,0,1,0,1,0,0,0,1
5417,0.0,143.0,480.0,0.0,N,8.59748202264504,0.0,5.229321531755984,110592000.0,1,0,1,0,1,0,0,0,1,0,1,0,0,0,1
2383,3334.0,172.0,360.0,1.0,Y,7.776535028185241,57.7408001330082,5.5612977665212355,46656000.0,0,1,0,1,1,0,0,0,1,0,1,0,0,1,0
4416,1250.0,110.0,360.0,1.0,Y,8.393216011596527,35.35533905932738,4.791419857062785,46656000.0,0,1,0,1,0,0,0,1,1,0,1,0,0,0,1
6875,0.0,200.0,360.0,1.0,Y,8.83579236650274,0.0,5.848035476425732,46656000.0,0,1,0,1,0,1,0,0,1,0,1,0,0,1,0
4666,0.0,135.0,360.0,1.0,Y,8.448271745949816,0.0,5.129927840030091,46656000.0,1,0,0,1,0,1,0,0,1,0,1,0,0,0,1
5000,2541.0,151.0,480.0,1.0,N,8.517393171418904,50.40833264451424,5.325074021614987,110592000.0,1,0,1,0,1,0,0,0,1,0,1,0,1,0,0
2014,2925.0,113.0,360.0,1.0,N,7.608374474380783,54.08326913195984,4.834588127111639,46656000.0,0,1,0,1,0,1,0,0,1,0,1,0,0,0,1
1800,2934.0,93.0,360.0,0.0,N,7.496097345175956,54.16641025580336,4.530654896083493,46656000.0,0,1,0,1,1,0,0,0,0,1,1,0,0,0,1
2875,1750.0,105.0,360.0,1.0,Y,7.964155718840937,41.83300132670378,4.717693980316533,46656000.0,0,1,0,1,1,0,0,0,0,1,1,0,0,1,0
5000,0.0,132.0,360.0,1.0,Y,8.517393171418904,0.0,5.091643369659488,46656000.0,1,0,1,0,1,0,0,0,1,0,1,0,1,0,0
1625,1803.0,96.0,360.0,1.0,Y,7.3938782901077555,42.46174749112429,4.5788569702133275,46656000.0,0,1,0,1,0,1,0,0,1,0,1,0,0,0,1
4000,2500.0,140.0,360.0,1.0,Y,8.294299608857235,50.0,5.1924941018511035,46656000.0,0,1,1,0,1,0,0,0,1,0,1,0,1,0,0
2000,0.0,146.41216216216216,360.0,1.0,N,7.601402334583733,0.0,5.27058778761184,46656000.0,0,1,1,0,1,0,0,0,0,1,1,0,0,0,1
3762,1666.0,135.0,360.0,1.0,Y,8.232971790593437,40.8166632639171,5.129927840030091,46656000.0,1,0,1,0,1,0,0,0,1,0,1,0,1,0,0
2400,1863.0,104.0,360.0,0.0,N,7.783640596221253,43.162483709814474,4.7026693754415145,46656000.0,1,0,1,0,1,0,0,0,1,0,1,0,0,0,1
20233,0.0,480.0,360.0,1.0,N,9.915119636765835,0.0,7.829735282337727,46656000.0,0,1,1,0,1,0,0,0,1,0,1,0,1,0,0
7667,0.0,185.0,360.0,1.0,Y,8.944811104165534,0.0,5.698019215305065,46656000.0,0,1,0,1,0,0,1,0,0,1,1,0,1,0,0
2917,0.0,84.0,360.0,1.0,Y,7.978653729082731,0.0,4.379519139887889,46656000.0,1,0,1,0,1,0,0,0,1,0,1,0,0,1,0
2927,2405.0,111.0,360.0,1.0,Y,7.982074875081202,49.040799340956916,4.805895533705333,46656000.0,0,1,1,0,1,0,0,0,0,1,1,0,0,1,0
2507,0.0,56.0,360.0,1.0,Y,7.827240901752812,0.0,3.8258623655447783,46656000.0,1,0,1,0,1,0,0,0,1,0,1,0,1,0,0
5746,0.0,144.0,84.0,1.0,Y,8.656433258507741,0.0,5.241482788417793,592704.0,0,1,0,1,0,0,1,0,1,0,0,1,1,0,0
2473,1843.0,159.0,360.0,1.0,N,7.813591552952433,42.930175867331364,5.417501514977181,46656000.0,0,1,0,1,1,0,0,0,1,0,1,0,1,0,0
3399,1640.0,111.0,180.0,1.0,Y,8.131530710604252,40.496913462633174,4.805895533705333,5832000.0,0,1,0,1,0,1,0,0,0,1,1,0,0,0,1
3717,0.0,120.0,360.0,1.0,Y,8.220941168281389,0.0,4.932424148660941,46656000.0,0,1,0,1,0,0,1,0,1,0,1,0,0,1,0
2058,2134.0,88.0,360.0,1.0,Y,7.629975707027789,46.195237849804386,4.447960181138631,46656000.0,0,1,0,1,1,0,0,0,1,0,1,0,0,0,1
3541,0.0,112.0,360.0,1.0,Y,8.17244681834278,0.0,4.820284528350459,46656000.0,1,0,1,0,0,1,0,0,1,0,1,0,0,1,0
10000,0.0,155.0,360.0,1.0,N,9.210440366976517,0.0,5.371685354944832,46656000.0,0,1,0,1,0,1,0,0,1,0,0,1,1,0,0
2400,2167.0,115.0,360.0,1.0,Y,7.783640596221253,46.551047249229526,4.86294413109428,46656000.0,0,1,0,1,1,0,0,0,1,0,1,0,0,1,0
4342,189.0,124.0,360.0,1.0,Y,8.376320632534823,13.74772708486752,4.986630952238646,46656000.0,0,1,0,1,0,0,0,1,1,0,1,0,0,1,0
3601,1590.0,146.41216216216216,360.0,1.0,Y,8.189244525735901,39.87480407475377,5.27058778761184,46656000.0,0,1,0,1,0,0,1,0,0,1,1,0,1,0,0
3166,2985.0,132.0,360.0,1.0,Y,8.06054004653864,54.63515351859094,5.091643369659488,46656000.0,1,0,1,0,1,0,0,0,1,0,1,0,1,0,0
15000,0.0,300.0,360.0,1.0,Y,9.61587214452889,0.0,6.694329500821695,46656000.0,0,1,0,1,0,0,0,1,1,0,1,0,1,0,0
8666,4983.0,376.0,360.0,0.0,N,9.067277989134345,70.59036761485238,7.21765216027739,46656000.0,0,1,0,1,0,1,0,0,1,0,0,1,1,0,0
4917,0.0,130.0,360.0,0.0,Y,8.500657222776137,0.0,5.065797019100886,46656000.0,0,1,1,0,1,0,0,0,1,0,1,0,1,0,0
5818,2160.0,184.0,360.0,1.0,Y,8.66888370465667,46.475800154489,5.687733959703131,46656000.0,0,1,0,1,1,0,0,0,1,0,0,1,0,1,0
4333,2451.0,110.0,360.0,1.0,N,8.374246182096304,49.50757517794625,4.791419857062785,46656000.0,1,0,0,1,1,0,0,0,1,0,1,0,0,0,1
2500,0.0,67.0,360.0,1.0,Y,7.824445930877619,0.0,4.06154810044568,46656000.0,1,0,1,0,1,0,0,0,1,0,1,0,0,0,1
4384,1793.0,117.0,360.0,1.0,Y,8.385944904806284,42.34383071948026,4.890973246508748,46656000.0,0,1,1,0,0,1,0,0,1,0,1,0,0,0,1
2935,0.0,98.0,360.0,1.0,Y,7.984803389734406,0.0,4.610436292058447,46656000.0,0,1,1,0,1,0,0,0,1,0,1,0,0,1,0
2833,0.0,71.0,360.0,1.0,Y,7.949444420250626,0.0,4.140817749422853,46656000.0,0,1,1,0,1,0,0,0,1,0,1,0,0,0,1
9833,1833.0,182.0,180.0,1.0,Y,9.193601047971885,42.81354925721529,5.667051108097064,5832000.0,0,1,0,1,0,1,0,0,1,0,0,1,0,0,1
5503,4490.0,70.0,360.0,1.0,Y,8.61323037961318,67.00746227100382,4.121285299808557,46656000.0,0,1,0,1,1,0,0,0,1,0,0,1,0,1,0
5250,688.0,160.0,360.0,1.0,Y,8.566173813637858,26.229754097208,5.4288352331898135,46656000.0,0,1,0,1,0,1,0,0,1,0,1,0,1,0,0
2500,4600.0,176.0,360.0,1.0,Y,7.824445930877619,67.82329983125268,5.6040786613107745,46656000.0,0,1,0,1,0,0,1,0,1,0,0,1,1,0,0
1830,0.0,146.41216216216216,360.0,0.0,N,7.5126175446745105,0.0,5.27058778761184,46656000.0,1,0,1,0,0,0,0,1,0,1,1,0,0,0,1
4160,0.0,71.0,360.0,1.0,Y,8.333510708982942,0.0,4.140817749422853,46656000.0,1,0,1,0,1,0,0,0,1,0,1,0,0,1,0
2647,1587.0,173.0,360.0,1.0,N,7.881559917056899,39.83716857408418,5.5720546555426225,46656000.0,0,1,0,1,0,0,0,1,0,1,1,0,1,0,0
2378,0.0,46.0,360.0,1.0,N,7.774435510302958,0.0,3.583047871015946,46656000.0,1,0,1,0,1,0,0,0,1,0,1,0,1,0,0
4554,1229.0,158.0,360.0,1.0,Y,8.423980809694058,35.05709628591621,5.406120175750225,46656000.0,0,1,0,1,0,1,0,0,0,1,1,0,0,0,1
3173,0.0,74.0,360.0,1.0,Y,8.062747901086354,0.0,4.198336453808407,46656000.0,0,1,0,1,0,0,0,1,0,1,1,0,0,1,0
2583,2330.0,125.0,360.0,1.0,Y,7.857093864902493,48.27007354458868,5.0,46656000.0,0,1,0,1,0,0,1,0,1,0,1,0,1,0,0
2499,2458.0,160.0,360.0,1.0,Y,7.824046010856292,49.57822102496216,5.4288352331898135,46656000.0,0,1,0,1,1,0,0,0,1,0,1,0,0,1,0
3523,3230.0,152.0,360.0,0.0,N,8.16735198705607,56.83308895353129,5.33680329744389,46656000.0,0,1,0,1,1,0,0,0,0,1,1,0,1,0,0
3083,2168.0,126.0,360.0,1.0,Y,8.03398273468322,46.561786907291264,5.0132979349645845,46656000.0,0,1,0,1,0,0,1,0,0,1,1,0,0,0,1
6333,4583.0,259.0,360.0,1.0,Y,8.753687227098585,67.69785816405124,6.374311087929094,46656000.0,0,1,0,1,1,0,0,0,1,0,1,0,0,1,0
2625,6250.0,187.0,360.0,1.0,Y,7.873217054862741,79.05694150420949,5.718479064871316,46656000.0,0,1,0,1,1,0,0,0,1,0,1,0,1,0,0
9083,0.0,228.0,360.0,1.0,Y,9.114269903225448,0.0,6.109114744289606,46656000.0,0,1,0,1,1,0,0,0,1,0,1,0,0,1,0
8750,4167.0,308.0,360.0,1.0,N,9.076923258535832,64.55230437405004,6.753313416693821,46656000.0,0,1,1,0,1,0,0,0,1,0,1,0,1,0,0
2666,2083.0,95.0,360.0,1.0,Y,7.888709524182015,45.639894828976104,4.562902635386967,46656000.0,0,1,0,1,0,0,0,1,1,0,1,0,1,0,0
5500,0.0,105.0,360.0,0.0,N,8.612685172875459,0.0,4.717693980316533,46656000.0,1,0,0,1,1,0,0,0,1,0,0,1,1,0,0
2423,505.0,130.0,360.0,1.0,Y,7.793174347189205,22.47220505424423,5.065797019100886,46656000.0,1,0,0,1,1,0,0,0,1,0,1,0,0,1,0
3813,0.0,116.0,180.0,1.0,Y,8.246433786160365,0.0,4.876998961073314,5832000.0,1,0,1,0,1,0,0,0,1,0,1,0,0,0,1
8333,3167.0,165.0,360.0,1.0,Y,9.0280988119824,56.27610505356603,5.484806552432618,46656000.0,0,1,0,1,0,0,1,0,1,0,1,0,1,0,0
3875,0.0,67.0,360.0,1.0,N,8.262558973010657,0.0,4.06154810044568,46656000.0,0,1,0,1,0,1,0,0,1,0,1,0,0,0,1
3000,1666.0,100.0,480.0,0.0,N,8.006700845440367,40.8166632639171,4.641588833612779,110592000.0,0,1,0,1,1,0,0,0,0,1,1,0,0,0,1
5167,3167.0,200.0,360.0,1.0,Y,8.550241045462437,56.27610505356603,5.848035476425732,46656000.0,0,1,0,1,0,0,0,1,1,0,1,0,0,1,0
4723,0.0,81.0,360.0,1.0,N,8.460411177317253,0.0,4.326748710922225,46656000.0,1,0,1,0,0,1,0,0,1,0,1,0,0,1,0
5000,3667.0,236.0,360.0,1.0,Y,8.517393171418904,60.55575942881073,6.179746605865644,46656000.0,0,1,0,1,0,0,1,0,1,0,1,0,0,1,0
4750,2333.0,130.0,360.0,1.0,Y,8.46611040118692,48.30113870293329,5.065797019100886,46656000.0,0,1,0,1,1,0,0,0,1,0,1,0,0,0,1
3013,3033.0,95.0,300.0,1.0,Y,8.01102337918644,55.072679252057455,4.562902635386967,27000000.0,0,1,0,1,1,0,0,0,1,0,1,0,0,0,1
6822,0.0,141.0,360.0,1.0,Y,8.828054536815424,0.0,5.204827863394201,46656000.0,0,1,1,0,1,0,0,0,1,0,0,1,1,0,0
6216,0.0,133.0,360.0,1.0,N,8.735042754269337,0.0,5.104468722001463,46656000.0,0,1,1,0,1,0,0,0,0,1,1,0,1,0,0
2500,0.0,96.0,480.0,1.0,N,7.824445930877619,0.0,4.5788569702133275,110592000.0,0,1,1,0,1,0,0,0,1,0,1,0,0,1,0
5124,0.0,124.0,360.0,0.0,N,8.54188580400661,0.0,4.986630952238646,46656000.0,0,1,1,0,1,0,0,0,1,0,1,0,1,0,0
6325,0.0,175.0,360.0,1.0,Y,8.752423403865594,0.0,5.593444710406985,46656000.0,0,1,0,1,0,1,0,0,1,0,1,0,0,1,0
15759,0.0,55.0,360.0,1.0,Y,9.66523036341187,0.0,3.802952460761392,46656000.0,1,0,1,0,1,0,0,0,1,0,0,1,0,1,0
5185,0.0,155.0,360.0,1.0,Y,8.55371796609861,0.0,5.371685354944832,46656000.0,0,1,0,1,0,0,1,0,1,0,1,0,0,1,0
9323,7873.0,380.0,300.0,1.0,Y,9.140347000155648,88.72992730753249,7.243156443441741,27000000.0,0,1,0,1,0,0,1,0,1,0,0,1,1,0,0
3062,1987.0,111.0,180.0,0.0,N,8.027150106832774,44.57577817604534,4.805895533705333,5832000.0,0,1,1,0,0,1,0,0,1,0,1,0,0,0,1
2764,1459.0,110.0,360.0,1.0,Y,7.9247959139564355,38.19685850956856,4.791419857062785,46656000.0,1,0,1,0,1,0,0,0,1,0,1,0,0,0,1
4817,923.0,120.0,180.0,1.0,Y,8.480114183174816,30.380915061926625,4.932424148660941,5832000.0,0,1,0,1,1,0,0,0,1,0,1,0,0,0,1
8750,4996.0,130.0,360.0,1.0,Y,9.076923258535832,70.68238818828917,5.065797019100886,46656000.0,0,1,0,1,0,0,0,1,1,0,1,0,1,0,0
4310,0.0,130.0,360.0,1.0,Y,8.368925174747135,0.0,5.065797019100886,46656000.0,0,1,0,1,1,0,0,0,1,0,1,0,0,1,0
3069,0.0,71.0,480.0,1.0,N,8.029432840581244,0.0,4.140817749422853,110592000.0,0,1,1,0,1,0,0,0,1,0,1,0,0,0,1
5391,0.0,130.0,360.0,1.0,Y,8.592671652592143,0.0,5.065797019100886,46656000.0,0,1,0,1,0,0,1,0,1,0,1,0,0,0,1
3333,2500.0,128.0,360.0,1.0,Y,8.111928063310739,50.0,5.039684199579492,46656000.0,0,1,0,1,1,0,0,0,1,0,1,0,0,1,0
5941,4232.0,296.0,360.0,1.0,Y,8.689801056022553,65.05382386916237,6.664443703291907,46656000.0,0,1,1,0,1,0,0,0,1,0,1,0,0,1,0
6000,0.0,156.0,360.0,1.0,Y,8.699681400989514,0.0,5.383212612087284,46656000.0,1,0,1,0,1,0,0,0,1,0,1,0,0,0,1
7167,0.0,128.0,360.0,1.0,Y,8.877381954654766,0.0,5.039684199579492,46656000.0,0,1,1,0,1,0,0,0,1,0,0,1,0,0,1
4566,0.0,100.0,360.0,1.0,N,8.426611813185,0.0,4.641588833612779,46656000.0,0,1,0,1,0,0,1,0,1,0,1,0,0,0,1
3667,0.0,113.0,180.0,1.0,Y,8.207401833376355,0.0,4.834588127111639,5832000.0,0,1,1,0,0,1,0,0,1,0,1,0,0,0,1
2346,1600.0,132.0,360.0,1.0,Y,7.760893195851024,40.0,5.091643369659488,46656000.0,0,1,1,0,1,0,0,0,0,1,1,0,0,1,0
3010,3136.0,146.41216216216216,360.0,0.0,N,8.010027528481734,56.0,5.27058778761184,46656000.0,0,1,0,1,1,0,0,0,0,1,1,0,0,0,1
2333,2417.0,136.0,360.0,1.0,Y,7.755338812846501,49.16299421312742,5.14256318131647,46656000.0,0,1,0,1,1,0,0,0,1,0,1,0,0,0,1
5488,0.0,125.0,360.0,1.0,Y,8.610501368549889,0.0,5.0,46656000.0,0,1,0,1,1,0,0,0,1,0,1,0,1,0,0
9167,0.0,185.0,360.0,1.0,Y,9.12347443895452,0.0,5.698019215305065,46656000.0,0,1,1,0,0,0,0,1,1,0,1,0,1,0,0
9504,0.0,275.0,360.0,1.0,Y,9.15957325492253,0.0,6.502957234256936,46656000.0,0,1,0,1,0,0,0,1,1,0,1,0,1,0,0
2583,2115.0,120.0,360.0,1.0,Y,7.857093864902493,45.98912915026767,4.932424148660941,46656000.0,0,1,0,1,1,0,0,0,1,0,1,0,0,0,1
1993,1625.0,113.0,180.0,1.0,Y,7.597897950521784,40.311288741492746,4.834588127111639,5832000.0,0,1,0,1,0,0,1,0,0,1,1,0,0,1,0
3100,1400.0,113.0,360.0,1.0,Y,8.03947991910045,37.416573867739416,4.834588127111639,46656000.0,0,1,0,1,0,0,1,0,1,0,1,0,0,0,1
3276,484.0,135.0,360.0,1.0,Y,8.094683648698815,22.0,5.129927840030091,46656000.0,0,1,0,1,0,0,1,0,1,0,1,0,0,1,0
3180,0.0,71.0,360.0,0.0,N,8.064950891749143,0.0,4.140817749422853,46656000.0,1,0,1,0,1,0,0,0,1,0,1,0,0,0,1
3033,1459.0,95.0,360.0,1.0,Y,8.017637159908478,38.19685850956856,4.562902635386967,46656000.0,0,1,0,1,1,0,0,0,1,0,1,0,0,0,1
3902,1666.0,109.0,360.0,1.0,Y,8.269500767180615,40.8166632639171,4.776856181035017,46656000.0,0,1,1,0,1,0,0,0,0,1,1,0,1,0,0
1500,1800.0,103.0,360.0,0.0,N,7.313886831633462,42.42640687119285,4.687548147653597,46656000.0,1,0,1,0,1,0,0,0,1,0,1,0,0,1,0
2889,0.0,45.0,180.0,0.0,N,7.969011781106478,0.0,3.556893304490063,5832000.0,0,1,0,1,0,0,1,0,0,1,1,0,0,0,1
2755,0.0,65.0,300.0,1.0,N,7.9215356321335495,0.0,4.020725758589058,27000000.0,0,1,1,0,1,0,0,0,0,1,1,0,1,0,0
1963,0.0,53.0,360.0,1.0,Y,7.582738488914411,0.0,3.7562857542210724,46656000.0,1,0,1,0,1,0,0,0,0,1,1,0,0,1,0
7441,0.0,194.0,360.0,1.0,N,8.914894908906568,0.0,5.788960372062403,46656000.0,1,0,1,0,1,0,0,0,1,0,0,1,1,0,0
4547,0.0,115.0,360.0,1.0,Y,8.422442854870427,0.0,4.86294413109428,46656000.0,1,0,1,0,1,0,0,0,1,0,1,0,0,1,0
2167,2400.0,115.0,360.0,1.0,Y,7.681560362559537,48.98979485566356,4.86294413109428,46656000.0,0,1,0,1,1,0,0,0,0,1,1,0,0,0,1
2213,0.0,66.0,360.0,1.0,Y,7.7025561132685825,0.0,4.04124002062219,46656000.0,1,0,1,0,1,0,0,0,0,1,1,0,1,0,0
8300,0.0,152.0,300.0,0.0,N,9.024131268455035,0.0,5.33680329744389,27000000.0,0,1,0,1,0,1,0,0,1,0,1,0,0,1,0
3867,0.0,62.0,360.0,1.0,N,8.260492856573185,0.0,3.9578916096804058,46656000.0,1,0,1,0,0,1,0,0,0,1,0,1,0,1,0
6256,0.0,160.0,360.0,1.0,Y,8.741456115998364,0.0,5.4288352331898135,46656000.0,0,1,0,1,1,0,0,0,1,0,1,0,0,0,1
6096,0.0,218.0,360.0,0.0,N,8.715552125907816,0.0,6.018461654806453,46656000.0,0,1,0,1,1,0,0,0,0,1,1,0,1,0,0
2253,2033.0,110.0,360.0,1.0,Y,7.720461694599722,45.088801270381985,4.791419857062785,46656000.0,0,1,0,1,1,0,0,0,0,1,1,0,1,0,0
2149,3237.0,178.0,360.0,0.0,N,7.673223121121708,56.894639466297704,5.625226328341856,46656000.0,1,0,0,1,1,0,0,0,0,1,1,0,0,1,0
2995,0.0,60.0,360.0,1.0,Y,8.005033344637111,0.0,3.9148676411688634,46656000.0,1,0,1,0,1,0,0,0,1,0,1,0,0,0,1
2600,0.0,160.0,360.0,1.0,N,7.8636512654486515,0.0,5.4288352331898135,46656000.0,1,0,1,0,0,1,0,0,1,0,1,0,0,0,1
1025,2773.0,112.0,360.0,1.0,Y,6.933423025730715,52.65928218272634,4.820284528350459,46656000.0,0,1,0,1,1,0,0,0,1,0,1,0,1,0,0
3246,1417.0,138.0,360.0,1.0,Y,8.085486772102845,37.64306044943742,5.167649252363623,46656000.0,0,1,0,1,1,0,0,0,1,0,1,0,0,1,0
5829,0.0,138.0,360.0,1.0,Y,8.670772279344538,0.0,5.167649252363623,46656000.0,0,1,0,1,1,0,0,0,1,0,1,0,1,0,0
2720,0.0,80.0,360.0,0.0,N,7.908754738783246,0.0,4.308869380063768,46656000.0,1,0,1,0,1,0,0,0,0,1,1,0,0,0,1
1820,1719.0,100.0,360.0,1.0,Y,7.507141079727608,41.46082488325576,4.641588833612779,46656000.0,0,1,0,1,1,0,0,0,1,0,1,0,0,0,1
7250,1667.0,110.0,360.0,0.0,N,8.888894669371593,40.82891132518721,4.791419857062785,46656000.0,0,1,0,1,0,1,0,0,1,0,1,0,0,0,1
14880,0.0,96.0,360.0,1.0,Y,9.60784051043005,0.0,4.5788569702133275,46656000.0,0,1,0,1,1,0,0,0,1,0,1,0,0,1,0
2666,4300.0,121.0,360.0,1.0,Y,7.888709524182015,65.57438524302,4.946087443248701,46656000.0,0,1,0,1,1,0,0,0,1,0,1,0,1,0,0
4606,0.0,81.0,360.0,1.0,N,8.435332164935916,0.0,4.326748710922225,46656000.0,1,0,1,0,0,1,0,0,0,1,1,0,1,0,0
5935,0.0,133.0,360.0,1.0,Y,8.688790784847216,0.0,5.104468722001463,46656000.0,0,1,0,1,0,0,1,0,1,0,1,0,0,1,0
2920,16.12000084,87.0,360.0,1.0,Y,7.979681302387741,4.014972084585396,4.431047621693635,46656000.0,0,1,0,1,1,0,0,0,1,0,1,0,1,0,0
2717,0.0,60.0,180.0,1.0,Y,7.907651594711089,0.0,3.9148676411688634,5832000.0,0,1,1,0,1,0,0,0,0,1,1,0,0,0,1
8624,0.0,150.0,360.0,1.0,Y,9.062420241899561,0.0,5.313292845913056,46656000.0,1,0,1,0,0,1,0,0,1,0,0,1,0,1,0
6500,0.0,105.0,360.0,0.0,N,8.77971129020447,0.0,4.717693980316533,46656000.0,0,1,1,0,1,0,0,0,1,0,1,0,1,0,0
12876,0.0,405.0,360.0,1.0,Y,9.463198053273784,0.0,7.39863622299141,46656000.0,0,1,1,0,1,0,0,0,1,0,1,0,0,1,0
2425,2340.0,143.0,360.0,1.0,Y,7.793999089503996,48.373546489791295,5.229321531755984,46656000.0,0,1,0,1,1,0,0,0,1,0,1,0,0,1,0
3750,0.0,100.0,360.0,1.0,Y,8.229777750081887,0.0,4.641588833612779,46656000.0,0,1,1,0,1,0,0,0,1,0,1,0,0,0,1
10047,0.0,146.41216216216216,240.0,1.0,Y,9.21512888870798,0.0,5.27058778761184,13824000.0,1,0,0,1,1,0,0,0,1,0,1,0,0,1,0
1926,1851.0,50.0,360.0,1.0,Y,7.563719668414366,43.02324952859791,3.684031498640387,46656000.0,0,1,1,0,1,0,0,0,1,0,1,0,0,1,0
2213,1125.0,146.41216216216216,360.0,1.0,Y,7.7025561132685825,33.54101966249684,5.27058778761184,46656000.0,0,1,0,1,1,0,0,0,1,0,1,0,0,0,1
10416,0.0,187.0,360.0,0.0,N,9.251194365984448,0.0,5.718479064871316,46656000.0,0,1,1,0,1,0,0,0,1,0,0,1,0,0,1
7142,0.0,138.0,360.0,1.0,Y,8.873888135154973,0.0,5.167649252363623,46656000.0,1,0,0,1,1,0,0,0,0,1,0,1,1,0,0
3660,5064.0,187.0,360.0,1.0,Y,8.205491613120236,71.16178749862878,5.718479064871316,46656000.0,0,1,1,0,1,0,0,0,1,0,1,0,0,1,0
7901,1833.0,180.0,360.0,1.0,Y,8.974871170971337,42.81354925721529,5.646216173286171,46656000.0,0,1,0,1,1,0,0,0,1,0,1,0,1,0,0
4707,1993.0,148.0,360.0,1.0,Y,8.457018468380168,44.64302857109943,5.289572472694208,46656000.0,0,1,1,0,0,0,0,1,0,1,1,0,0,1,0
37719,0.0,152.0,360.0,1.0,Y,10.537945736747394,0.0,5.33680329744389,46656000.0,0,1,1,0,0,1,0,0,1,0,1,0,0,1,0
7333,8333.0,175.0,300.0,1.0,Y,8.900276348631271,91.28526715741155,5.593444710406985,27000000.0,0,1,0,1,1,0,0,0,1,0,1,0,1,0,0
3466,1210.0,130.0,360.0,1.0,Y,8.151044945685024,34.785054261852174,5.065797019100886,46656000.0,0,1,0,1,0,1,0,0,1,0,0,1,1,0,0
4652,0.0,110.0,360.0,1.0,Y,8.445267451844648,0.0,4.791419857062785,46656000.0,0,1,0,1,0,0,1,0,0,1,1,0,1,0,0
3539,1376.0,55.0,360.0,1.0,N,8.17188200612782,37.094473981982816,3.802952460761392,46656000.0,0,1,0,1,1,0,0,0,1,0,1,0,1,0,0
3340,1710.0,150.0,360.0,0.0,N,8.114025442356757,41.352146256270665,5.313292845913056,46656000.0,0,1,0,1,0,0,1,0,1,0,1,0,1,0,0
2769,1542.0,190.0,360.0,1.0,N,7.926602599181384,39.26830783214372,5.748897078944831,46656000.0,0,1,1,0,0,1,0,0,0,1,0,1,0,1,0
2309,1255.0,125.0,360.0,0.0,N,7.745002803515839,35.4259791678367,5.0,46656000.0,0,1,0,1,0,0,1,0,0,1,1,0,1,0,0
1958,1456.0,60.0,300.0,1.0,Y,7.580189417944541,38.157568056677825,3.9148676411688634,27000000.0,0,1,0,1,0,0,1,0,0,1,1,0,0,0,1
3948,1733.0,149.0,360.0,0.0,N,8.28121766128665,41.6293165929973,5.3014591923809045,46656000.0,0,1,0,1,1,0,0,0,1,0,1,0,1,0,0
2483,2466.0,90.0,180.0,0.0,Y,7.81762544305337,49.658836071740545,4.481404746557165,5832000.0,0,1,0,1,1,0,0,0,1,0,1,0,1,0,0
7085,0.0,84.0,360.0,1.0,Y,8.865876285425417,0.0,4.379519139887889,46656000.0,0,1,1,0,1,0,0,0,1,0,0,1,0,1,0
3859,0.0,96.0,360.0,1.0,Y,8.258422462458876,0.0,4.5788569702133275,46656000.0,0,1,0,1,0,0,1,0,1,0,1,0,0,1,0
4301,0.0,118.0,360.0,1.0,Y,8.366835309827675,0.0,4.904868131524017,46656000.0,0,1,0,1,1,0,0,0,1,0,1,0,0,0,1
3708,2569.0,173.0,360.0,1.0,N,8.21851757748959,50.68530358989675,5.5720546555426225,46656000.0,0,1,0,1,1,0,0,0,1,0,1,0,0,0,1
4354,0.0,136.0,360.0,1.0,Y,8.379079889286603,0.0,5.14256318131647,46656000.0,0,1,1,0,0,0,1,0,1,0,1,0,1,0,0
8334,0.0,160.0,360.0,1.0,N,9.028218795184895,0.0,5.4288352331898135,46656000.0,0,1,0,1,1,0,0,0,1,0,1,0,0,1,0
2083,4083.0,160.0,360.0,1.0,Y,7.642044402873258,63.89835678638379,5.4288352331898135,46656000.0,0,1,0,1,1,0,0,0,1,0,0,1,0,1,0
7740,0.0,128.0,180.0,1.0,Y,8.954286157204713,0.0,5.039684199579492,5832000.0,0,1,0,1,0,0,0,1,1,0,1,0,0,0,1
3015,2188.0,153.0,360.0,1.0,Y,8.011686729127847,46.776062254106,5.348481241239363,46656000.0,0,1,0,1,1,0,0,0,1,0,1,0,1,0,0
5191,0.0,132.0,360.0,1.0,Y,8.554874258383926,0.0,5.091643369659488,46656000.0,1,0,1,0,0,1,0,0,0,1,1,0,0,1,0
4166,0.0,98.0,360.0,0.0,N,8.334951631422454,0.0,4.610436292058447,46656000.0,0,1,1,0,1,0,0,0,1,0,1,0,0,1,0
6000,0.0,140.0,360.0,1.0,Y,8.699681400989514,0.0,5.1924941018511035,46656000.0,0,1,1,0,1,0,0,0,1,0,1,0,1,0,0
2947,1664.0,70.0,180.0,0.0,N,7.988882253309227,40.792156108742276,4.121285299808557,5832000.0,0,1,0,1,0,0,0,1,0,1,1,0,0,0,1
16692,0.0,110.0,360.0,1.0,Y,9.722744748855389,0.0,4.791419857062785,46656000.0,0,1,0,1,1,0,0,0,1,0,1,0,0,1,0
210,2917.0,98.0,360.0,1.0,Y,5.351858133476067,54.00925846556311,4.610436292058447,46656000.0,1,0,0,1,0,0,1,0,0,1,1,0,0,1,0
4333,2451.0,110.0,360.0,1.0,N,8.374246182096304,49.50757517794625,4.791419857062785,46656000.0,0,1,0,1,1,0,0,0,1,0,1,0,0,0,1
3450,2079.0,162.0,360.0,1.0,Y,8.146419323098003,45.59605246071199,5.45136177849642,46656000.0,0,1,0,1,0,1,0,0,1,0,0,1,0,1,0
2653,1500.0,113.0,180.0,0.0,N,7.8838232148921525,38.72983346207417,4.834588127111639,5832000.0,0,1,0,1,0,1,0,0,0,1,1,0,1,0,0
4691,0.0,100.0,360.0,1.0,Y,8.453614209773367,0.0,4.641588833612779,46656000.0,0,1,0,1,0,0,0,1,1,0,1,0,0,1,0
2500,0.0,93.0,360.0,1.0,Y,7.824445930877619,0.0,4.530654896083493,46656000.0,1,0,1,0,1,0,0,0,1,0,0,1,0,0,1
5532,4648.0,162.0,360.0,1.0,Y,8.618485442898109,68.17624219623724,5.45136177849642,46656000.0,0,1,1,0,0,0,1,0,1,0,1,0,1,0,0
16525,1014.0,150.0,360.0,1.0,Y,9.71269017726113,31.843366656181317,5.313292845913056,46656000.0,0,1,0,1,0,0,1,0,1,0,0,1,1,0,0
6700,1750.0,230.0,300.0,1.0,Y,8.81001204797317,41.83300132670378,6.126925675228417,27000000.0,0,1,0,1,0,0,1,0,1,0,1,0,0,1,0
2873,1872.0,132.0,360.0,0.0,N,7.96346006663897,43.266615305567875,5.091643369659488,46656000.0,0,1,0,1,0,0,1,0,1,0,1,0,0,1,0
16667,2250.0,86.0,360.0,1.0,Y,9.721245992542345,47.43416490252569,4.414004962442103,46656000.0,0,1,0,1,0,1,0,0,1,0,0,1,0,1,0
2947,1603.0,146.41216216216216,360.0,1.0,N,7.988882253309227,40.0374824383352,5.27058778761184,46656000.0,0,1,0,1,0,0,1,0,1,0,1,0,0,0,1
4350,0.0,154.0,360.0,1.0,Y,8.37816098272068,0.0,5.360108410965363,46656000.0,1,0,1,0,1,0,0,0,0,1,1,0,1,0,0
3095,0.0,113.0,360.0,1.0,Y,8.037866234709618,0.0,4.834588127111639,46656000.0,0,1,0,1,0,0,0,1,0,1,1,0,1,0,0
2083,3150.0,128.0,360.0,1.0,Y,7.642044402873258,56.124860801609124,5.039684199579492,46656000.0,0,1,0,1,1,0,0,0,1,0,1,0,0,1,0
10833,0.0,234.0,360.0,1.0,Y,9.290444616217844,0.0,6.1622401477490385,46656000.0,0,1,0,1,1,0,0,0,1,0,1,0,0,1,0
8333,0.0,246.0,360.0,1.0,Y,9.0280988119824,0.0,6.265826556058272,46656000.0,0,1,0,1,0,0,1,0,1,0,1,0,0,1,0
1958,2436.0,131.0,360.0,1.0,Y,7.580189417944541,49.35585071701227,5.078753078132701,46656000.0,0,1,0,1,0,1,0,0,0,1,1,0,1,0,0
3547,0.0,80.0,360.0,0.0,N,8.17413934342947,0.0,4.308869380063768,46656000.0,0,1,1,0,0,0,1,0,1,0,1,0,1,0,0
18333,0.0,500.0,360.0,1.0,N,9.816512538521721,0.0,7.937005259840997,46656000.0,0,1,0,1,0,1,0,0,1,0,1,0,0,0,1
4583,2083.0,160.0,360.0,1.0,Y,8.430327258394575,45.639894828976104,5.4288352331898135,46656000.0,0,1,0,1,0,0,1,0,1,0,0,1,0,1,0
2435,0.0,75.0,360.0,1.0,N,7.798112628829788,0.0,4.2171633265087465,46656000.0,0,1,1,0,1,0,0,0,1,0,1,0,0,0,1
2699,2785.0,96.0,360.0,1.0,Y,7.90100705199242,52.773099207835045,4.5788569702133275,46656000.0,0,1,1,0,1,0,0,0,0,1,1,0,0,1,0
5333,1131.0,186.0,360.0,1.0,Y,8.58185670474196,33.63034344160047,5.708267473384861,46656000.0,0,1,0,1,0,1,0,0,0,1,1,0,0,0,1
3691,0.0,110.0,360.0,1.0,Y,8.213923595622743,0.0,4.791419857062785,46656000.0,0,1,1,0,1,0,0,0,0,1,1,0,1,0,0
17263,0.0,225.0,360.0,1.0,Y,9.756378687497916,0.0,6.082201995573399,46656000.0,1,0,1,0,1,0,0,0,0,1,0,1,0,1,0
3597,2157.0,119.0,360.0,0.0,N,8.188133414510478,46.44351407893249,4.918684734458728,46656000.0,0,1,0,1,1,0,0,0,1,0,1,0,1,0,0
3326,913.0,105.0,84.0,1.0,Y,8.109826276018477,30.215889859476256,4.717693980316533,592704.0,1,0,0,1,0,1,0,0,1,0,1,0,0,1,0
2600,1700.0,107.0,360.0,1.0,Y,7.8636512654486515,41.23105625617661,4.7474593985234,46656000.0,0,1,0,1,1,0,0,0,0,1,1,0,1,0,0
4625,2857.0,111.0,12.0,1.0,Y,8.439447842791385,53.45091205957107,4.805895533705333,1728.0,0,1,0,1,1,0,0,0,1,0,1,0,0,0,1
2895,0.0,95.0,360.0,1.0,Y,7.971085753505607,0.0,4.562902635386967,46656000.0,0,1,0,1,0,1,0,0,1,0,0,1,0,1,0
6283,4416.0,209.0,360.0,0.0,N,8.745761999375512,66.4529909033446,5.934472140399942,46656000.0,0,1,1,0,1,0,0,0,1,0,1,0,1,0,0
645,3683.0,113.0,480.0,1.0,Y,6.470799503782602,60.687725282795036,4.834588127111639,110592000.0,1,0,1,0,1,0,0,0,1,0,1,0,1,0,0
3159,0.0,100.0,360.0,1.0,Y,8.058327306580958,0.0,4.641588833612779,46656000.0,1,0,1,0,1,0,0,0,1,0,1,0,0,1,0
4865,5624.0,208.0,360.0,1.0,Y,8.490027523343468,74.9933330370107,5.9249921368147405,46656000.0,0,1,0,1,0,0,1,0,1,0,1,0,0,1,0
4050,5302.0,138.0,360.0,1.0,N,8.30671904320269,72.81483365359011,5.167649252363623,46656000.0,0,1,0,1,0,1,0,0,0,1,1,0,1,0,0
3814,1483.0,124.0,300.0,1.0,Y,8.246695943718557,38.50973902793941,4.986630952238646,27000000.0,0,1,0,1,1,0,0,0,0,1,1,0,0,1,0
3510,4416.0,243.0,360.0,1.0,Y,8.163656176168432,66.4529909033446,6.240251469155712,46656000.0,0,1,0,1,0,0,1,0,1,0,1,0,1,0,0
20833,6667.0,480.0,360.0,1.0,Y,9.944341546544393,81.65169930871004,7.829735282337727,46656000.0,0,1,0,1,1,0,0,0,1,0,1,0,0,0,1
3583,0.0,96.0,360.0,1.0,N,8.18423477409482,0.0,4.5788569702133275,46656000.0,0,1,1,0,1,0,0,0,1,0,1,0,0,0,1
2479,3013.0,188.0,360.0,1.0,Y,7.8160138391590275,54.89080068645383,5.728654315982437,46656000.0,0,1,0,1,1,0,0,0,1,0,0,1,0,0,1
13262,0.0,40.0,360.0,1.0,Y,9.492733482494353,0.0,3.419951893353394,46656000.0,1,0,1,0,0,1,0,0,1,0,1,0,0,0,1
3598,1287.0,100.0,360.0,1.0,N,8.188411308079031,35.874782229304195,4.641588833612779,46656000.0,0,1,1,0,1,0,0,0,0,1,1,0,1,0,0
6065,2004.0,250.0,360.0,1.0,Y,8.710454688248527,44.76605857119878,6.299605249474366,46656000.0,0,1,0,1,0,1,0,0,1,0,1,0,0,1,0
3283,2035.0,148.0,360.0,1.0,Y,8.096817470572319,45.110974274559844,5.289572472694208,46656000.0,0,1,0,1,0,0,1,0,1,0,1,0,0,0,1
2130,6666.0,70.0,180.0,1.0,N,7.664346632098617,81.64557550780079,4.121285299808557,5832000.0,0,1,0,1,1,0,0,0,1,0,1,0,0,1,0
5815,3666.0,311.0,360.0,1.0,N,8.668368019213355,60.54750201288241,6.7751689522733125,46656000.0,0,1,1,0,1,0,0,0,1,0,1,0,1,0,0
3466,3428.0,150.0,360.0,1.0,Y,8.151044945685024,58.54912467321779,5.313292845913056,46656000.0,0,1,0,1,0,0,0,1,1,0,1,0,1,0,0
2031,1632.0,113.0,480.0,1.0,Y,7.616775808698373,40.39801975344831,4.834588127111639,110592000.0,1,0,0,1,0,0,1,0,1,0,1,0,0,1,0
3074,1800.0,123.0,360.0,0.0,N,8.031060180240619,42.42640687119285,4.97318983326859,46656000.0,0,1,0,1,1,0,0,0,0,1,1,0,0,1,0
4683,1915.0,185.0,360.0,1.0,N,8.451907724717607,43.76071297408213,5.698019215305065,46656000.0,0,1,1,0,1,0,0,0,1,0,1,0,0,1,0
3400,0.0,95.0,360.0,1.0,N,8.131824785007195,0.0,4.562902635386967,46656000.0,1,0,1,0,1,0,0,0,0,1,1,0,1,0,0
2192,1742.0,45.0,360.0,1.0,Y,7.693025748417888,41.737273509418415,3.556893304490063,46656000.0,0,1,0,1,0,0,1,0,0,1,1,0,0,1,0
2500,0.0,55.0,360.0,1.0,Y,7.824445930877619,0.0,3.802952460761392,46656000.0,0,1,1,0,1,0,0,0,1,0,1,0,0,1,0
5677,1424.0,100.0,360.0,1.0,Y,8.644354337032917,37.73592452822641,4.641588833612779,46656000.0,0,1,0,1,0,0,0,1,1,0,0,1,1,0,0
7948,7166.0,480.0,360.0,1.0,Y,8.980801413573113,84.65222974027323,7.829735282337727,46656000.0,0,1,0,1,0,0,1,0,1,0,0,1,1,0,0
4680,2087.0,146.41216216216216,360.0,1.0,N,8.45126704130007,45.68369512200168,5.27058778761184,46656000.0,0,1,1,0,1,0,0,0,1,0,1,0,0,1,0
17500,0.0,400.0,360.0,1.0,Y,9.770013301136158,0.0,7.368062997280774,46656000.0,0,1,0,1,0,0,1,0,1,0,0,1,1,0,0
3775,0.0,110.0,360.0,1.0,Y,8.236420527265391,0.0,4.791419857062785,46656000.0,0,1,0,1,1,0,0,0,1,0,1,0,0,1,0
5285,1430.0,161.0,360.0,0.0,Y,8.572817095164234,37.815340802378074,5.440121825414797,46656000.0,0,1,0,1,0,1,0,0,0,1,1,0,0,1,0
2679,1302.0,94.0,360.0,1.0,Y,7.893572073504902,36.08323710533743,4.546835943776344,46656000.0,0,1,1,0,0,1,0,0,0,1,1,0,0,1,0
6783,0.0,130.0,360.0,1.0,Y,8.822322177471738,0.0,5.065797019100886,46656000.0,0,1,1,0,1,0,0,0,0,1,1,0,0,1,0
1025,5500.0,216.0,360.0,1.0,Y,6.933423025730715,74.16198487095663,6.0,46656000.0,0,1,0,1,1,0,0,0,1,0,1,0,1,0,0
4281,0.0,100.0,360.0,1.0,Y,8.362175469149628,0.0,4.641588833612779,46656000.0,0,1,0,1,0,0,0,1,1,0,1,0,0,0,1
3588,0.0,110.0,360.0,0.0,N,8.185628891147607,0.0,4.791419857062785,46656000.0,0,1,1,0,0,0,1,0,1,0,1,0,1,0,0
11250,0.0,196.0,360.0,1.0,N,9.328212292571072,0.0,5.808785733563704,46656000.0,0,1,1,0,0,1,0,0,1,0,1,0,0,1,0
18165,0.0,125.0,360.0,1.0,Y,9.80730699406216,0.0,5.0,46656000.0,1,0,1,0,1,0,0,0,0,1,0,1,0,0,1
2550,2042.0,126.0,360.0,1.0,Y,7.844240718141811,45.18849411078001,5.0132979349645845,46656000.0,0,1,1,0,1,0,0,0,0,1,1,0,1,0,0
6133,3906.0,324.0,360.0,1.0,Y,8.721602344674197,62.49799996799898,6.868285455319991,46656000.0,0,1,0,1,1,0,0,0,1,0,1,0,0,0,1
3617,0.0,107.0,360.0,1.0,Y,8.193676665955241,0.0,4.7474593985234,46656000.0,0,1,1,0,0,0,1,0,1,0,1,0,0,1,0
2917,536.0,66.0,360.0,1.0,N,7.978653729082731,23.15167380558045,4.04124002062219,46656000.0,0,1,0,1,1,0,0,0,0,1,1,0,1,0,0
6417,0.0,157.0,180.0,1.0,Y,8.766861821669803,0.0,5.3946907121095915,5832000.0,0,1,0,1,0,0,0,1,1,0,1,0,1,0,0
4608,2845.0,140.0,180.0,1.0,Y,8.435766192720509,53.33854141237835,5.1924941018511035,5832000.0,1,0,0,1,0,1,0,0,1,0,1,0,0,1,0
2138,0.0,99.0,360.0,0.0,N,7.668093709082406,0.0,4.626065009182742,46656000.0,1,0,1,0,1,0,0,0,1,0,1,0,0,1,0
3652,0.0,95.0,360.0,1.0,Y,8.203304026795282,0.0,4.562902635386967,46656000.0,1,0,1,0,0,1,0,0,1,0,1,0,0,1,0
2239,2524.0,128.0,360.0,1.0,Y,7.7142311448490855,50.23942674832188,5.039684199579492,46656000.0,0,1,0,1,0,1,0,0,0,1,1,0,0,0,1
3017,663.0,102.0,360.0,1.0,Y,8.012349639327795,25.748786379167466,4.67232872835526,46656000.0,1,0,0,1,1,0,0,0,0,1,1,0,0,1,0
2768,1950.0,155.0,360.0,1.0,Y,7.926241523170962,44.15880433163923,5.371685354944832,46656000.0,0,1,0,1,1,0,0,0,1,0,1,0,1,0,0
3358,0.0,80.0,36.0,1.0,N,8.119398589612294,0.0,4.308869380063768,46656.0,0,1,1,0,1,0,0,0,0,1,1,0,0,1,0
2526,1783.0,145.0,360.0,1.0,Y,7.834788107388194,42.22558466143482,5.2535878724929015,46656000.0,0,1,1,0,1,0,0,0,1,0,1,0,1,0,0
5000,0.0,103.0,360.0,0.0,N,8.517393171418904,0.0,4.687548147653597,46656000.0,1,0,1,0,1,0,0,0,1,0,1,0,0,1,0
2785,2016.0,110.0,360.0,1.0,Y,7.932362154339751,44.8998886412873,4.791419857062785,46656000.0,0,1,0,1,1,0,0,0,1,0,1,0,1,0,0
6633,0.0,146.41216216216216,360.0,0.0,N,8.799963219506997,0.0,5.27058778761184,46656000.0,0,1,0,1,0,0,1,0,1,0,0,1,1,0,0
2492,2375.0,146.41216216216216,360.0,1.0,Y,7.821242083523558,48.73397172404482,5.27058778761184,46656000.0,0,1,0,1,0,1,0,0,0,1,1,0,1,0,0
3333,3250.0,158.0,360.0,1.0,Y,8.111928063310739,57.0087712549569,5.406120175750225,46656000.0,0,1,0,1,0,1,0,0,1,0,1,0,0,0,1
2454,2333.0,181.0,360.0,0.0,N,7.805882040228621,48.30113870293329,5.656652825822911,46656000.0,0,1,0,1,1,0,0,0,0,1,1,0,0,0,1
3593,4266.0,132.0,180.0,0.0,N,8.187021067343505,65.31462317123173,5.091643369659488,5832000.0,0,1,0,1,1,0,0,0,1,0,1,0,1,0,0
5468,1032.0,26.0,360.0,1.0,Y,8.606851063346772,32.12475680841802,2.9624960684073702,46656000.0,0,1,0,1,0,1,0,0,1,0,1,0,0,1,0
2667,1625.0,84.0,360.0,1.0,Y,7.889084407035514,40.311288741492746,4.379519139887889,46656000.0,1,0,1,0,1,0,0,0,1,0,1,0,0,0,1
10139,0.0,260.0,360.0,1.0,Y,9.224243277145174,0.0,6.382504298859907,46656000.0,0,1,0,1,0,0,0,1,1,0,0,1,0,1,0
3887,2669.0,162.0,360.0,1.0,Y,8.265650165580329,51.66236541235796,5.45136177849642,46656000.0,0,1,0,1,1,0,0,0,1,0,1,0,0,1,0
4180,2306.0,182.0,360.0,1.0,Y,8.338305731356565,48.02082881417188,5.667051108097064,46656000.0,1,0,0,1,1,0,0,0,1,0,1,0,0,1,0
3675,242.0,108.0,360.0,1.0,Y,8.209580483475577,15.556349186104045,4.762203155904599,46656000.0,0,1,0,1,0,0,1,0,0,1,1,0,0,1,0
5923,2054.0,211.0,360.0,1.0,Y,8.68676717538769,45.32107677449864,5.953341813139051,46656000.0,0,1,0,1,1,0,0,0,1,0,1,0,1,0,0
5800,0.0,132.0,360.0,1.0,Y,8.665785595466064,0.0,5.091643369659488,46656000.0,0,1,1,0,1,0,0,0,0,1,0,1,0,1,0
8799,0.0,258.0,360.0,0.0,N,9.082507000466299,0.0,6.366096760416893,46656000.0,0,1,0,1,0,0,1,0,1,0,1,0,0,0,1
4467,0.0,120.0,360.0,1.0,Y,8.404696160189092,0.0,4.932424148660941,46656000.0,0,1,0,1,1,0,0,0,0,1,1,0,1,0,0
3333,0.0,70.0,360.0,1.0,Y,8.111928063310739,0.0,4.121285299808557,46656000.0,0,1,1,0,1,0,0,0,1,0,1,0,0,0,1
3400,2500.0,123.0,360.0,0.0,N,8.131824785007195,50.0,4.97318983326859,46656000.0,0,1,0,1,0,0,0,1,1,0,1,0,1,0,0
2378,0.0,9.0,360.0,1.0,N,7.774435510302958,0.0,2.080083823051904,46656000.0,1,0,1,0,1,0,0,0,1,0,1,0,0,0,1
3166,2064.0,104.0,360.0,0.0,N,8.06054004653864,45.43126676640219,4.7026693754415145,46656000.0,0,1,0,1,1,0,0,0,1,0,1,0,0,0,1
3417,1750.0,186.0,360.0,1.0,Y,8.136810863675537,41.83300132670378,5.708267473384861,46656000.0,0,1,0,1,0,1,0,0,1,0,1,0,0,0,1
5116,1451.0,165.0,360.0,0.0,N,8.540323608805092,38.09199390948182,5.484806552432618,46656000.0,0,1,0,1,1,0,0,0,1,0,1,0,0,0,1
16666,0.0,275.0,360.0,1.0,Y,9.721185995542177,0.0,6.502957234256936,46656000.0,0,1,0,1,0,0,1,0,1,0,1,0,0,0,1
6125,1625.0,187.0,480.0,1.0,N,8.72029728739272,40.311288741492746,5.718479064871316,110592000.0,0,1,0,1,0,0,1,0,0,1,1,0,0,1,0
6406,0.0,150.0,360.0,1.0,N,8.765146421639022,0.0,5.313292845913056,46656000.0,0,1,0,1,0,0,0,1,1,0,1,0,0,1,0
3159,461.0,108.0,84.0,1.0,Y,8.058327306580958,21.470910553583888,4.762203155904599,592704.0,0,1,0,1,0,0,1,0,1,0,1,0,0,0,1
3087,2210.0,136.0,360.0,0.0,N,8.035278911144667,47.01063709417264,5.14256318131647,46656000.0,0,1,0,1,1,0,0,0,1,0,1,0,0,1,0
3229,2739.0,110.0,360.0,1.0,Y,8.080237416216702,52.3354564325181,4.791419857062785,46656000.0,0,1,1,0,1,0,0,0,1,0,1,0,0,0,1
1782,2232.0,107.0,360.0,1.0,Y,7.48605261786314,47.24404724407086,4.7474593985234,46656000.0,0,1,0,1,0,1,0,0,1,0,1,0,1,0,0
3182,2917.0,161.0,360.0,1.0,Y,8.065579427282092,54.00925846556311,5.440121825414797,46656000.0,0,1,1,0,1,0,0,0,1,0,1,0,0,0,1
6540,0.0,205.0,360.0,1.0,Y,8.785845337961213,0.0,5.896368539970367,46656000.0,0,1,0,1,0,0,1,0,1,0,1,0,0,1,0
3166,0.0,36.0,360.0,1.0,Y,8.06054004653864,0.0,3.3019272488946267,46656000.0,1,0,0,1,1,0,0,0,1,0,1,0,0,1,0
1880,0.0,61.0,360.0,1.0,N,7.53955882930103,0.0,3.9364971831021736,46656000.0,0,1,0,1,0,1,0,0,1,0,1,0,1,0,0
2787,1917.0,146.0,360.0,0.0,N,7.933079771880415,43.78355855797927,5.265637428171437,46656000.0,0,1,0,1,0,1,0,0,1,0,1,0,1,0,0
4283,3000.0,172.0,84.0,1.0,N,8.36264243156764,54.772255750516614,5.5612977665212355,592704.0,0,1,0,1,0,1,0,0,1,0,1,0,1,0,0
2297,1522.0,104.0,360.0,1.0,Y,7.739794458408701,39.01281840626232,4.7026693754415145,46656000.0,0,1,0,1,1,0,0,0,1,0,1,0,0,0,1
2165,0.0,70.0,360.0,1.0,Y,7.680637427560936,0.0,4.121285299808557,46656000.0,1,0,1,0,1,0,0,0,0,1,1,0,0,1,0
4750,0.0,94.0,360.0,1.0,Y,8.46611040118692,0.0,4.546835943776344,46656000.0,0,1,1,0,1,0,0,0,1,0,1,0,0,1,0
2726,0.0,106.0,360.0,0.0,N,7.910957382845589,0.0,4.732623491163368,46656000.0,0,1,0,1,0,0,1,0,1,0,0,1,0,1,0
3000,3416.0,56.0,180.0,1.0,Y,8.006700845440367,58.44655678480983,3.8258623655447783,5832000.0,0,1,0,1,1,0,0,0,1,0,1,0,0,1,0
6000,0.0,205.0,240.0,1.0,N,8.699681400989514,0.0,5.896368539970367,13824000.0,0,1,0,1,0,0,1,0,1,0,0,1,0,1,0
9357,0.0,292.0,360.0,1.0,Y,9.143986871426161,0.0,6.6342874368674964,46656000.0,0,1,1,0,0,0,0,1,1,0,0,1,0,1,0
3859,3300.0,142.0,180.0,1.0,Y,8.258422462458876,57.445626465380286,5.217103446276167,5832000.0,0,1,0,1,1,0,0,0,1,0,1,0,1,0,0
16120,0.0,260.0,360.0,1.0,Y,9.687878048875998,0.0,6.382504298859907,46656000.0,0,1,0,1,1,0,0,0,1,0,0,1,0,0,1
3833,0.0,110.0,360.0,1.0,Y,8.251663923605589,0.0,4.791419857062785,46656000.0,0,1,1,0,1,0,0,0,0,1,1,0,1,0,0
6383,1000.0,187.0,360.0,1.0,N,8.761550139129644,31.622776601683793,5.718479064871316,46656000.0,0,1,0,1,0,0,1,0,0,1,0,1,1,0,0
2987,0.0,88.0,360.0,0.0,N,8.002359546252707,0.0,4.447960181138631,46656000.0,0,1,1,0,1,0,0,0,1,0,1,0,0,1,0
9963,0.0,180.0,360.0,1.0,Y,9.20673387638207,0.0,5.646216173286171,46656000.0,0,1,0,1,1,0,0,0,1,0,0,1,1,0,0
5780,0.0,192.0,360.0,1.0,Y,8.662331957082475,0.0,5.768998281229633,46656000.0,0,1,0,1,0,0,1,0,1,0,1,0,0,0,1
2894,2792.0,155.0,360.0,1.0,Y,7.970740390007095,52.839379254491625,5.371685354944832,46656000.0,0,1,0,1,1,0,0,0,0,1,1,0,1,0,0
5703,0.0,128.0,360.0,1.0,Y,8.648922962094131,0.0,5.039684199579492,46656000.0,0,1,0,1,0,0,0,1,1,0,1,0,0,0,1
3676,4301.0,172.0,360.0,1.0,Y,8.209852481301272,65.58200972827838,5.5612977665212355,46656000.0,0,1,1,0,1,0,0,0,1,0,1,0,1,0,0
12000,0.0,496.0,360.0,1.0,Y,9.392745258631441,0.0,7.9157832193608115,46656000.0,1,0,0,1,0,1,0,0,1,0,1,0,0,1,0
2400,3800.0,146.41216216216216,180.0,1.0,N,7.783640596221253,61.644140029689765,5.27058778761184,5832000.0,0,1,0,1,1,0,0,0,0,1,1,0,0,0,1
3400,2500.0,173.0,360.0,1.0,Y,8.131824785007195,50.0,5.5720546555426225,46656000.0,0,1,0,1,0,1,0,0,1,0,1,0,0,1,0
3987,1411.0,157.0,360.0,1.0,Y,8.291045131081729,37.5632799419859,5.3946907121095915,46656000.0,0,1,0,1,0,0,1,0,0,1,1,0,1,0,0
3232,1950.0,108.0,360.0,1.0,Y,8.081165777725433,44.15880433163923,4.762203155904599,46656000.0,0,1,0,1,1,0,0,0,1,0,1,0,1,0,0
2900,0.0,71.0,360.0,1.0,Y,7.972810784121404,0.0,4.140817749422853,46656000.0,1,0,1,0,1,0,0,0,1,0,1,0,1,0,0
4106,0.0,40.0,180.0,1.0,Y,8.320448113956559,0.0,3.419951893353394,5832000.0,0,1,0,1,0,0,0,1,1,0,1,0,1,0,0
8072,240.0,253.0,360.0,1.0,Y,8.996280439395015,15.491933384829668,6.324703543417371,46656000.0,0,1,0,1,0,1,0,0,1,0,1,0,0,0,1
7583,0.0,187.0,360.0,1.0,Y,8.933796043934858,0.0,5.718479064871316,46656000.0,0,1,0,1,0,0,1,0,1,0,1,0,0,0,1
4583,0.0,133.0,360.0,0.0,N,8.430327258394575,0.0,5.104468722001463,46656000.0,1,0,1,0,1,0,0,0,1,0,0,1,0,1,0
